username,followers,following,posts,has_profile_pic,has_bio,username_digit_ratio,is_fake
lsrhq,5380,369,297,1,0,0,0
qmijf,1787,523,700,1,0,0,0
fvzlqewn,9191,1318,705,1,0,0,0
fgiqxwdh,3912,527,671,1,1,0,0
snbglwueb7344,80,1810,7,0,0,0.308,1
click_fojugbrw6628,1,2664,6,0,0,0.222,1
mozgbcdhi,7425,1089,26,1,0,0,0
uenclzgbhu9659,9,577,8,1,0,0.286,1
sbacf,5543,1473,214,1,0,0,0
atpbt,50,3209,2,0,0,0,1
yxxnjadb9529,35,1264,7,0,1,0.333,1
jjaejc,51,2516,6,1,0,0,1
peazlys,3260,325,237,1,1,0,0
hlgqtmh7169,36,1529,4,0,0,0.364,1
free_lmcaffha,26,3606,8,0,0,0,1
saeqzt,9158,999,386,1,0,0,0
xkpwomnqg,54,3051,5,0,1,0,1
lbwzya1957,29,2548,8,1,0,0.4,1
win_dxdqwr9867,3,1893,1,0,0,0.286,1
rrylnveyu,1849,1674,67,1,1,0,0
pufzorjns,8465,83,119,1,1,0,0
htzsgppeq,337,308,590,1,1,0,0
uzggkvc9285,36,1010,5,0,1,0.364,1
yisbo,8642,737,597,1,0,0,0
win_gdigcoop1649,15,3524,0,0,0,0.25,1
lvlwh,7397,1260,274,1,0,0,0
spale3320,25,2299,4,1,1,0.444,1
fzbbdsd,7853,1290,753,1,1,0,0
jmbaxbe,4857,1047,645,1,1,0,0
nhvhibkaj4832,28,3267,7,1,0,0.308,1
xatzt,4364,1094,434,1,1,0,0
vajvhz,4985,1068,192,1,1,0,0
zgunek3576,1,5028,0,1,1,0.4,1
znock,4435,1345,310,1,1,0,0
pcdowmgp3184,26,5786,0,0,1,0.333,1
ezqqu,1620,1586,120,1,0,0,0
sbhjdrc,37,2903,1,0,1,0,1
adsdbuel,6655,331,365,1,1,0,0
promo_diaja,41,4356,0,0,0,0,1
oykfd8351,44,4546,8,1,1,0.444,1
gqwrqgdwnm,9864,1898,630,1,1,0,0
rrzhq1861,57,3574,4,0,1,0.444,1
tmjmsg,300,1386,688,1,0,0,0
lrdib,74,5412,8,0,0,0,1
iegnlxkgq565,2,4840,7,1,0,0.25,1
yblumkr,794,1917,289,1,1,0,0
zvsjvvi4883,73,2246,4,0,0,0.364,1
fsukg3859,45,1001,7,0,0,0.444,1
mvrww,7982,1851,772,1,1,0,0
snixhnkugx6844,19,2593,7,0,0,0.286,1
atxrwv,7808,1434,702,1,1,0,0
lhznc,9370,831,19,1,1,0,0
usobxhdmt,40,5126,4,0,0,0,1
tvwowmsi,7225,585,484,1,0,0,0
click_iyzwxgp8756,0,5762,0,0,0,0.235,1
fztemcll5676,38,3268,0,0,0,0.333,1
zlgcgsf,5185,171,366,1,0,0,0
mclzzuc,863,1079,33,1,1,0,0
win_fgymhex,59,2634,7,0,0,0,1
phwyimd7686,19,2980,2,0,0,0.364,1
tildxm1278,37,2394,8,0,0,0.4,1
promo_kcggldcf172,77,4016,6,0,0,0.176,1
hfaqjz1439,19,2736,5,1,1,0.4,1
dtjub,30,5570,6,0,1,0,1
jeywcm,2470,1175,643,1,1,0,0
phqobky7304,30,542,3,0,1,0.364,1
click_stqdgfe4832,22,5338,2,0,0,0.235,1
follow_hwvijuuoa8393,12,877,0,0,1,0.2,1
hjxxacl,2406,721,607,1,0,0,0
click_jvqqky8965,32,3460,4,0,0,0.25,1
tfdnyu,2642,1608,591,1,1,0,0
free_oomxwklcpq4093,53,4922,8,0,1,0.211,1
kozubfqqqo,8002,457,570,1,0,0,0
promo_wmkzascrq9929,33,3443,1,0,0,0.211,1
hgbbpeq6247,21,4291,2,0,0,0.364,1
wivww650,54,2631,5,0,0,0.375,1
promo_naxdv,58,4293,0,0,0,0,1
fuxqpwscc,1004,746,363,1,1,0,0
ycdvdocunw,9106,1569,700,1,1,0,0
udydpka,3070,475,298,1,0,0,0
uhlntpjdvf,2493,1603,560,1,1,0,0
haxsb4264,3,2581,7,0,0,0.444,1
ylupqz,2515,1254,634,1,1,0,0
crztm,4555,690,61,1,0,0,0
chqyhku,44,3594,7,0,0,0,1
rvhoj,390,1999,444,1,0,0,0
yovuahutc,8148,106,69,1,0,0,0
augbe7200,13,1541,5,1,1,0.444,1
wvekmyv,31,5416,1,0,1,0,1
kklpo,6783,1949,746,1,1,0,0
gfozu,716,1627,462,1,1,0,0
yodsywuf3136,27,1834,8,0,0,0.333,1
deujgmodag4233,9,5062,2,0,0,0.286,1
fqknmbtn8855,74,1882,1,1,0,0.333,1
mvkthsfd,8565,923,274,1,0,0,0
zwvzhevxt,30,2334,8,0,0,0,1
mfadey,51,5868,0,0,1,0,1
urkoxmgl8324,73,4366,8,1,1,0.333,1
puxqyxnlsm,30,5986,8,0,0,0,1
mfeepsc2985,22,2573,8,1,0,0.364,1
urslbmocz,5012,1445,42,1,0,0,0
twieqwh,7720,1500,229,1,1,0,0
ewvsjxdorg5939,64,4274,2,0,1,0.286,1
ssrueajd,7199,373,671,1,1,0,0
bbapcof,73,759,1,0,0,0,1
lycppm,8724,366,518,1,0,0,0
qlgiwrtndl,2485,284,278,1,0,0,0
free_lvghjx8946,2,1388,3,0,0,0.267,1
qgxbfsmdig,1254,346,141,1,0,0,0
promo_xywkfvv,64,3903,3,0,0,0,1
follow_pgodjh,41,1613,6,0,0,0,1
lnalfuy,4214,1924,591,1,1,0,0
gmbuvbl,7245,1946,374,1,0,0,0
vdehrdyx,6216,1837,500,1,0,0,0
ehoxjldzy,2675,1146,761,1,1,0,0
nuvak,8288,258,117,1,0,0,0
follow_rvkxtxunq798,34,3220,3,0,0,0.158,1
swozf,10,952,1,0,0,0,1
pzhjj,29,4148,5,0,0,0,1
uoejct,7659,813,451,1,1,0,0
promo_gsassz9065,73,1067,6,1,0,0.25,1
xvmrola,3937,1489,331,1,0,0,0
promo_yspjhdeyj8700,11,4304,2,0,1,0.211,1
voxtgfcpx,6122,442,746,1,1,0,0
ghbdwa1167,48,5357,1,1,1,0.4,1
qtfalvligr,3299,744,212,1,1,0,0
bot_bgxhelzl8674,5,3503,2,1,0,0.25,1
ocrwe,2329,1000,470,1,1,0,0
mbkfk6233,42,805,1,1,1,0.444,1
promo_gaxxyypcd3412,56,5120,2,0,0,0.211,1
qafkg2295,75,5988,1,0,1,0.444,1
aikfop,2945,913,737,1,0,0,0
blyiujhd,8454,1679,171,1,1,0,0
promo_ovzbpdydms1272,22,5464,6,1,0,0.2,1
uhuaw,6038,186,755,1,0,0,0
promo_jstrgg,25,4854,8,0,0,0,1
mzelimod,8316,1021,617,1,0,0,0
nqgwxcws1386,55,3483,8,1,0,0.333,1
pqziswhdu,74,4503,4,0,1,0,1
gucar2942,60,3728,6,1,1,0.444,1
wudgidyzge,456,1672,654,1,1,0,0
win_tdogy,22,5749,6,0,1,0,1
yhosrdu,1,1049,0,1,0,0,1
wxqmidccvw,5977,682,495,1,0,0,0
oqsfdg,9680,573,499,1,1,0,0
follow_xtdah1476,72,620,0,0,1,0.25,1
free_beyvbr9415,58,1383,2,0,0,0.267,1
uhuhgu,2112,1549,348,1,1,0,0
njzpnbw,1679,849,721,1,1,0,0
mnsqtpnkm,1886,1457,22,1,1,0,0
nxlzgovwor7222,22,2047,3,1,0,0.286,1
ugukxrzp,2003,1033,676,1,0,0,0
fhblr,1663,875,310,1,1,0,0
promo_gzkih,52,3125,0,1,1,0,1
ksmohh,4593,1038,162,1,1,0,0
zcmsaft8453,23,5283,1,0,1,0.364,1
bot_mijccf4932,78,4920,4,0,0,0.286,1
zimibaoeye,7091,499,213,1,1,0,0
ymfzyjhe,373,1768,199,1,0,0,0
ybiqsrpaj,76,4572,8,1,0,0,1
flsou,7447,1142,511,1,1,0,0
oiwpqpr,7628,870,506,1,1,0,0
click_mzmosrz,66,5879,0,0,1,0,1
apxugt,5454,1690,602,1,1,0,0
tcgii,1979,532,518,1,0,0,0
jzyqeijrre,3667,1626,488,1,1,0,0
mpihloysgi,3146,1270,392,1,0,0,0
kenepsql,8471,1753,445,1,0,0,0
vljysc,839,1413,580,1,1,0,0
wrrorbidf,443,1011,774,1,0,0,0
qowkcsxw,5258,1265,147,1,0,0,0
fzunoyhwt,8770,1741,572,1,1,0,0
follow_skrvrxox8384,79,990,5,1,1,0.211,1
syaxxtsrg,4039,183,502,1,0,0,0
zdiyywsb,5023,1770,690,1,1,0,0
ulomyvgcz,3686,1562,15,1,1,0,0
hrrmrrktvn,6821,1385,574,1,1,0,0
cfrgq,2084,1202,377,1,1,0,0
yhkktfri3672,66,5096,7,0,0,0.333,1
dkhvwgxdc8049,53,2550,6,1,1,0.308,1
vcbmvscanv,4447,1481,512,1,0,0,0
vagjlznra,2464,399,648,1,0,0,0
follow_tckfqw1597,46,5912,7,0,0,0.235,1
cosrpqhtk,2229,1020,722,1,0,0,0
ociezhrm5764,23,2350,4,1,0,0.333,1
wtjdgdglr,6765,1430,375,1,1,0,0
xlmja,5311,1003,31,1,1,0,0
rfqkznptu,664,668,362,1,1,0,0
bot_vicus6365,8,5629,5,0,0,0.308,1
ncovyqrsgu99,23,1143,4,0,1,0.167,1
ypvcvdgqa,7828,787,287,1,0,0,0
rzptgiz,6977,1879,182,1,0,0,0
lrmctlrrd,722,762,434,1,1,0,0
ycvxyosb,6498,1382,381,1,1,0,0
ewjtgbjmxs,14,2335,2,0,1,0,1
oflbt,8231,1183,169,1,1,0,0
bot_wmrpavzdhp,56,3482,7,0,0,0,1
bot_akhsbwolu7278,51,4606,7,0,0,0.235,1
lfkkf8329,29,5087,5,1,0,0.444,1
cgxij,16,1201,2,1,0,0,1
ogfve6124,67,4746,1,0,1,0.444,1
pekvio,3144,744,565,1,1,0,0
click_akemkoqyk,74,5398,8,0,0,0,1
nnteueyf,31,1511,6,1,1,0,1
lgunfmtpel7202,3,1822,7,0,0,0.286,1
lupizvw,4327,489,135,1,1,0,0
free_zquecnrimd7975,61,4796,5,0,0,0.211,1
jckfb3539,61,3607,7,0,0,0.444,1
wavmjq,27,4591,6,0,1,0,1
qyxpcyv,7346,1402,588,1,0,0,0
xoxqc,3329,995,67,1,0,0,0
cocxoyvei,8657,1315,132,1,1,0,0
bceme,2416,95,489,1,1,0,0
lmdxbov,8832,1031,104,1,1,0,0
vgujtd6630,54,970,5,0,1,0.4,1
bpdtndkn,5288,1005,325,1,0,0,0
promo_lhhau499,20,3063,8,1,0,0.214,1
avpig,25,2012,7,0,0,0,1
zjsmhtwvgt,2903,1641,454,1,0,0,0
hccmlfqe,1209,664,98,1,0,0,0
win_iuuppbkgdg793,32,720,0,0,1,0.176,1
hsefpzccut,4997,1658,634,1,0,0,0
click_fukyptdxls232,62,2055,5,0,1,0.158,1
bwkrwlzs,9204,133,318,1,1,0,0
qrwjhjib,7325,1083,157,1,0,0,0
qrcoayrouk7663,23,1009,5,0,0,0.286,1
kfxyoib5462,46,3966,2,0,0,0.364,1
caeeyqoepg8638,50,4730,5,0,1,0.286,1
click_dqwbg6268,55,5202,1,0,0,0.267,1
ydzebplo,18,4462,3,0,0,0,1
kwmiebk7564,15,2502,1,0,0,0.364,1
fidtpqxksq8280,48,3739,5,0,1,0.286,1
hvubtfrrqo,48,3872,4,0,0,0,1
fvostkadn,1769,369,314,1,1,0,0
ptxde,523,1585,263,1,0,0,0
moeedipthy,7747,872,383,1,0,0,0
zdakdfvq,6491,544,730,1,0,0,0
wqsqlrdm,41,5706,6,0,1,0,1
okhxzhrqz,26,2016,7,1,1,0,1
ribjij,17,2369,8,0,0,0,1
pilvddyat,3769,645,97,1,1,0,0
xfjnrwrdyq,8806,1530,787,1,0,0,0
free_izsusya2027,18,2857,6,0,0,0.25,1
eckibjtt,26,5585,6,0,0,0,1
lqevuuvv1105,44,2403,7,0,0,0.333,1
fjhoyqqprq5008,34,3474,8,1,0,0.286,1
follow_fiobnnln,2,968,8,0,0,0,1
wqftsv,8349,1485,733,1,0,0,0
jgueirrsjb,7782,1277,254,1,1,0,0
oacsnkrt3858,18,4878,1,0,0,0.333,1
gzfkisyf4144,55,1640,7,1,1,0.333,1
wlpyre,8620,504,220,1,1,0,0
rlwvqslnvo,67,3092,1,0,0,0,1
athiuz,4970,550,224,1,0,0,0
agrwi,5777,1175,602,1,0,0,0
wjysxqxbku,8181,991,48,1,0,0,0
erxqz1558,67,1665,4,0,1,0.444,1
vnbtcddbb,23,3509,8,1,0,0,1
xvjfgi,7982,1445,159,1,0,0,0
dzvysqihd,9838,1959,29,1,1,0,0
toyztni,6739,1019,774,1,1,0,0
ifuaqrzyg911,23,1364,1,0,1,0.25,1
sxqinzafaq,8252,64,87,1,0,0,0
pyrpvsoem,6368,1480,770,1,0,0,0
wbavrl,4841,1574,664,1,1,0,0
lltpooxomk2869,57,1967,6,1,0,0.286,1
click_bcbyp9683,49,5818,1,1,1,0.267,1
wprudjbrul,8393,1373,128,1,1,0,0
pyyhoynyu529,15,4819,2,0,1,0.25,1
jwtnn,3537,311,603,1,1,0,0
izwav6056,61,5028,6,1,0,0.444,1
click_tqikkmn5648,65,2985,8,0,1,0.235,1
bot_cbtag4221,28,5569,6,1,0,0.308,1
cmbhwlplgl,4273,1710,709,1,1,0,0
ivuirhv8258,44,523,3,0,1,0.364,1
dfgnof,7247,1943,260,1,1,0,0
sdfpbxx,8963,1015,351,1,1,0,0
lnzgykbmx,7664,1754,474,1,1,0,0
fzmth290,77,823,3,0,0,0.375,1
hqsxpwc4500,24,976,5,0,0,0.364,1
xdsrnq,8,530,4,0,0,0,1
gqqkcl8286,57,3511,2,1,0,0.4,1
mehhzn,2444,1472,340,1,0,0,0
xtwtmdxkwe,4933,1110,460,1,0,0,0
ksoitb,7310,1995,102,1,0,0,0
tcddronuuz1240,18,893,1,0,0,0.286,1
jvpwpdr3121,59,642,2,0,1,0.364,1
rmflxeaa,5410,57,782,1,0,0,0
win_bqrahycem,66,985,7,0,0,0,1
bqqwqqh5414,30,2068,5,1,0,0.364,1
nkfonwzq,5488,295,448,1,0,0,0
koolvpjpu,4889,1369,118,1,0,0,0
free_istsfry663,40,4311,8,1,1,0.2,1
pduznb26,73,4155,3,0,0,0.25,1
vqbdkg,4613,700,230,1,0,0,0
rbklmle,1800,448,752,1,1,0,0
suzemps,7767,1519,292,1,1,0,0
jyxliwhgpg,49,4306,4,0,0,0,1
gysrbtjck,9725,1539,207,1,1,0,0
focfmp,8903,912,273,1,0,0,0
soitanpi,4097,1077,710,1,0,0,0
htadbollpz1722,73,3543,5,0,0,0.286,1
qtnufbp,52,2946,0,0,0,0,1
oqunzbaoc,9,768,1,0,0,0,1
voewauifh8281,77,2208,7,0,0,0.308,1
yfdfyjlx529,70,5958,3,1,0,0.273,1
kqmwhnhu,9775,102,689,1,0,0,0
dbhbb6774,35,4558,7,0,1,0.444,1
follow_wasjtfdl3291,9,4952,3,1,1,0.211,1
haurgp,1412,1464,549,1,1,0,0
tfevzlyjbw9777,6,3715,1,1,0,0.286,1
click_ucpiamrd2737,48,680,2,0,1,0.222,1
free_zwopec346,23,812,5,1,0,0.214,1
lcixppvf,6,1977,4,0,0,0,1
ibyejsyxl,15,1106,4,0,1,0,1
bot_ulxdlk,20,1864,7,0,0,0,1
mftdbrkcal,3873,1282,397,1,1,0,0
qjtuwye5611,18,1409,0,0,0,0.364,1
cplqizo,2069,697,128,1,0,0,0
hjjmu,5063,1786,318,1,1,0,0
nbyhrg,6627,1190,175,1,0,0,0
ihcoaoc,4451,756,638,1,1,0,0
bot_ksgvxzhyad,53,3559,6,0,0,0,1
ctmbmr,6935,1938,424,1,0,0,0
follow_oxteqwfnq,33,1571,4,1,0,0,1
jqwuyshqr,9045,878,156,1,1,0,0
yzibj,7369,1408,703,1,0,0,0
zawyc,5877,197,636,1,0,0,0
staanl7614,76,2901,6,1,1,0.4,1
njhsqf,3362,905,720,1,0,0,0
tqusoabh7564,68,1518,1,1,1,0.333,1
yuwdryadp,79,5239,6,0,0,0,1
win_upjgui404,6,4040,1,1,0,0.231,1
mtducbv,9799,1379,514,1,0,0,0
kfghwv,16,4139,8,1,1,0,1
oihwfh,3099,1848,172,1,0,0,0
fuerkv,7015,336,145,1,1,0,0
promo_dagtep8529,33,3014,0,0,1,0.25,1
jdsqui3279,69,2736,8,0,0,0.4,1
vdzjzv2406,51,504,7,0,1,0.4,1
click_dwivs5148,21,4120,1,0,0,0.267,1
eazdybtn,8453,998,168,1,0,0,0
ndqbchavlf,1026,514,562,1,1,0,0
zvexn,7697,792,99,1,0,0,0
nzdhafq190,31,4190,4,1,0,0.3,1
peeeqnoc,8905,246,286,1,0,0,0
promo_tpqoio4386,76,3225,5,1,0,0.25,1
follow_krcrfnuk6797,19,3178,3,1,0,0.211,1
jngmpcg1385,57,2946,6,0,1,0.364,1
click_pbweezdg2466,34,1809,5,0,0,0.222,1
yscex,3461,786,632,1,1,0,0
hvhgpj,3199,783,731,1,1,0,0
win_fzeyedfv688,62,1484,7,0,0,0.2,1
follow_aghudhpzx4889,63,3151,5,0,1,0.2,1
lpslqh,9872,1781,683,1,0,0,0
ewtgutv,1539,1025,641,1,0,0,0
oghhcwz4838,67,3616,0,0,0,0.364,1
htuogd6449,26,3147,6,1,0,0.4,1
xanvedt4379,26,5404,7,1,0,0.364,1
trskyfbln,6303,287,393,1,1,0,0
rwlwgn,676,367,358,1,0,0,0
promo_alydmpwqq3483,75,1787,2,1,0,0.211,1
nftltbd,607,818,709,1,1,0,0
wgvpz,1629,1158,475,1,1,0,0
pmpgskkqk6203,43,4182,5,0,1,0.308,1
win_orekbp2465,26,5201,6,1,0,0.286,1
dqrlmfgb,4624,551,560,1,0,0,0
okanyyuzq,617,795,567,1,0,0,0
click_khkwtqt8289,53,4730,5,0,0,0.235,1
uhhjiy,5041,625,521,1,0,0,0
gvzmnjjj,8690,1024,341,1,1,0,0
gimlm,5407,694,127,1,1,0,0
ihmzlyj5806,1,5969,8,1,1,0.364,1
promo_zsrmuybxgx7242,54,3915,8,1,1,0.2,1
ndvltve,7646,203,165,1,1,0,0
sqcsz,1187,1047,400,1,0,0,0
kbvskzmw,7775,813,353,1,0,0,0
free_fhpkgdbo,46,3549,5,1,0,0,1
click_wurvqvk1399,46,5722,1,0,0,0.235,1
qirnkbzhgg,4556,1615,188,1,0,0,0
rebhgu,2796,1713,88,1,1,0,0
izmilepxhf,4550,1534,541,1,1,0,0
eulvfj,6466,82,676,1,1,0,0
unxoijk8299,19,5027,4,0,0,0.364,1
free_bsbiswxjz,9,3485,3,0,1,0,1
promo_othkayhrd1132,75,963,8,1,0,0.211,1
dotedl,6231,349,615,1,0,0,0
sacxdhhg,34,3504,2,1,1,0,1
jkixlt919,16,770,0,0,0,0.333,1
xatifttvo,9332,259,470,1,0,0,0
lvnojfhr,77,2187,4,0,0,0,1
rgbkm5711,25,2927,2,0,1,0.444,1
myyhazx,6019,708,495,1,0,0,0
dibpt,7405,1974,542,1,1,0,0
rfhsooho,4944,166,621,1,0,0,0
uxcjlvgnmn,7442,1068,184,1,0,0,0
ebrktijbi1448,36,2572,1,0,1,0.308,1
fbftvqlf,6432,1215,644,1,0,0,0
ebelpmat,7361,528,392,1,0,0,0
iljmmq3342,50,5853,1,0,0,0.4,1
click_txlvyoifre9165,25,1021,1,0,0,0.2,1
zxgoxh,2336,516,320,1,1,0,0
win_cvorjwd,70,533,7,1,1,0,1
nicxu,4430,1629,571,1,1,0,0
yefgdo,819,221,762,1,1,0,0
follow_vyztx1912,80,4831,1,1,1,0.25,1
nlibx,3643,799,387,1,0,0,0
free_xvxmyozyv5034,74,3251,1,0,1,0.222,1
vwxhpgi,9644,1588,503,1,1,0,0
wagzgw,9856,1983,17,1,1,0,0
injokxufe,3592,1905,761,1,1,0,0
rpqml,4547,1717,412,1,1,0,0
jazsn2943,13,1309,0,0,0,0.444,1
jyfaybgek4895,12,1126,8,1,0,0.308,1
aoomdd,2620,1297,289,1,1,0,0
bot_jyzopspmba8333,5,5515,4,1,1,0.222,1
wcbkl1164,4,3684,3,1,0,0.444,1
hhyocwpgk,3381,839,562,1,1,0,0
eaaadaz,3534,1108,108,1,1,0,0
promo_ltydfea6010,57,3563,6,1,0,0.235,1
xgrzq,7638,1066,219,1,0,0,0
edhhdz,9806,1402,178,1,0,0,0
follow_cjzoxdf5782,12,2454,0,0,0,0.222,1
horyjz,2558,212,67,1,1,0,0
goryvm,9310,363,780,1,1,0,0
dvznitvzt6671,49,3632,0,0,0,0.308,1
cafnnpvrhr5396,5,819,8,0,0,0.286,1
phplqfaz3041,59,1901,3,0,0,0.333,1
click_iogdior,4,4622,4,0,0,0,1
kjjqvyu,4274,286,396,1,1,0,0
jmzxyl,8846,651,522,1,0,0,0
khweczma,368,970,392,1,1,0,0
win_cprqp4803,63,3177,6,0,1,0.308,1
swiqbl4835,4,5035,1,1,0,0.4,1
click_pdnuayqch6436,74,903,1,1,0,0.211,1
qznhos,9207,1635,265,1,0,0,0
sytlrtr6639,8,4713,7,0,0,0.364,1
free_qlmiqh8601,61,5802,5,0,0,0.267,1
free_wwwzsdh6866,73,2646,3,0,0,0.25,1
tzhcwt,7497,975,14,1,1,0,0
leejc,8381,1094,724,1,1,0,0
xmamx3932,26,2694,3,0,0,0.444,1
eenqxfdoeo7902,37,2073,0,0,0,0.286,1
khrne,5033,405,157,1,0,0,0
pcmeu390,18,540,3,1,1,0.375,1
joxbxwxk,34,1972,5,0,0,0,1
plljvs,2389,1239,365,1,0,0,0
promo_weemea,75,3900,3,0,0,0,1
stkhbib,2395,513,198,1,0,0,0
free_bxhaqqljdy2459,17,5172,8,0,1,0.211,1
ixlmfii5246,37,2798,0,0,0,0.364,1
bantttu,7671,449,181,1,0,0,0
ljsec,1714,664,60,1,1,0,0
xtztwp,2630,897,700,1,1,0,0
dhduaelndd4803,28,4483,4,0,0,0.286,1
bot_dlfgqmqi,19,1611,4,1,0,0,1
glbzri,8201,1617,343,1,1,0,0
lxyjyo,7449,307,499,1,1,0,0
oeyqniio8148,1,5341,1,0,0,0.333,1
kbztrjslhr,2660,621,315,1,1,0,0
ybvexgn9357,32,2141,1,0,0,0.364,1
srxcnaru,9964,1224,167,1,1,0,0
wpwzkkrc,16,2538,4,0,0,0,1
ifjixizpag,9378,549,68,1,1,0,0
promo_xdytqo,3,3198,1,0,0,0,1
yzufg9386,80,2693,6,0,1,0.444,1
nklyfhtu,9656,617,548,1,1,0,0
click_pxbten,11,3330,7,0,1,0,1
epnwp,2162,677,390,1,1,0,0
bot_pudpa1120,28,4622,5,0,0,0.308,1
adyjcnhci493,73,4368,4,1,0,0.25,1
atoewb1809,9,4963,3,1,0,0.4,1
tqoiuk,48,2249,5,0,0,0,1
xwwaazphq,9655,1170,599,1,1,0,0
yixujpzshn,8235,292,156,1,0,0,0
dtfgdoduwi,15,844,5,1,1,0,1
emhmhzfolz,3407,314,265,1,0,0,0
udyrf3021,58,4375,7,1,0,0.444,1
qkcjyvv,3433,1235,128,1,1,0,0
promo_rjgkjo7923,37,4623,5,0,1,0.25,1
xkngmpd,679,210,435,1,1,0,0
iumdog,1,3226,5,0,0,0,1
qoqrjjfb,5669,904,452,1,0,0,0
yekbjruy,9907,1325,92,1,1,0,0
tjxjqieje,75,3778,1,0,0,0,1
ekpdrnoh,11,2564,1,1,1,0,1
mnudg,22,3106,0,0,0,0,1
yeexbxg,70,2248,0,1,0,0,1
zfyyjeq,6149,1333,674,1,0,0,0
zdibberhet,102,468,758,1,1,0,0
free_euiyq,66,5864,0,1,0,0,1
click_xyrgtmg5892,36,3890,8,1,0,0.235,1
kjyfypx,1222,550,539,1,1,0,0
lueermihd6033,43,3136,2,1,0,0.308,1
wfjolkgvd,8537,890,617,1,1,0,0
promo_trdzfvwj1210,39,1270,7,0,0,0.222,1
ehcokv,6173,1097,332,1,1,0,0
promo_ittqplnx3019,3,2589,1,0,1,0.222,1
qrfyicm,55,4856,2,0,0,0,1
gywznvksw,4664,1875,388,1,0,0,0
follow_pzmqmcchdu1923,15,5683,7,0,0,0.19,1
tjdvtldv,8802,1571,640,1,0,0,0
rrlxgfq,7645,936,182,1,0,0,0
ajgrc,9943,993,213,1,1,0,0
promo_ltomkuwzk,19,5423,7,0,0,0,1
sfzpenndr,7655,1754,674,1,0,0,0
yufzf,3055,233,213,1,0,0,0
xymewkcyhc1602,67,4856,5,0,0,0.286,1
win_pfiyrjnjs,54,1723,3,0,0,0,1
hxffftz,6298,668,61,1,1,0,0
promo_wfkfakd1774,79,2861,5,0,0,0.235,1
win_sblmhfw,11,4316,1,1,0,0,1
zfvemka7479,54,2503,3,0,0,0.364,1
bot_jxqety4765,58,543,0,1,0,0.286,1
owrky,4531,1087,32,1,0,0,0
ilrivqze,2885,1958,218,1,0,0,0
douvsckrv,4259,1628,440,1,1,0,0
bofxtmd,6137,1463,327,1,0,0,0
vcdbsef4607,46,1328,3,0,1,0.364,1
bot_kvwqs7136,65,5393,1,1,0,0.308,1
sbhxlcfbny,5583,651,38,1,0,0,0
gqnhpv,1401,1621,217,1,1,0,0
iziogj9823,79,1304,5,0,1,0.4,1
xjgimiprrl,71,4296,4,0,0,0,1
kyucf,8236,881,574,1,1,0,0
promo_vnlyccqu,68,909,8,1,0,0,1
yptfob,917,1804,789,1,0,0,0
krfsnttt,9884,87,49,1,0,0,0
gomeaq1856,78,2465,7,1,0,0.4,1
elzvucl,7673,1720,92,1,1,0,0
tgvbojrmo,9848,1004,497,1,0,0,0
click_ivemajrbql9460,26,4405,5,0,0,0.2,1
tlxxzgjooq,1355,409,244,1,0,0,0
bot_wowxgain,14,3682,4,1,0,0,1
zidqp,2996,898,364,1,1,0,0
click_dvyejgrrdn,73,5163,4,0,0,0,1
iaxbo,8430,1471,355,1,0,0,0
jcgpme,55,4158,4,0,0,0,1
lurmeb3181,20,1142,0,0,0,0.4,1
edfwuad4124,19,2557,6,0,1,0.364,1
ptukpdcb,8579,1998,218,1,0,0,0
joayoh,28,778,4,0,1,0,1
mbptoxmkp5739,15,3018,1,0,1,0.308,1
gidnc,79,2490,8,0,1,0,1
pqccekqatp1128,80,2435,2,0,0,0.286,1
issejrnvg9971,56,3842,8,0,1,0.308,1
qxrsdfiwjr,57,3263,6,1,1,0,1
yxdtrha7990,66,2002,4,0,0,0.364,1
bqdcghvh,56,2095,2,1,0,0,1
tajpnwixv9281,41,3706,0,0,1,0.308,1
promo_oidru,57,2753,2,0,0,0,1
cwklwe,825,833,385,1,0,0,0
akjuqgey,8465,1053,135,1,1,0,0
bot_hwonk1716,65,3694,1,0,0,0.308,1
wwosoqiv870,4,3806,5,1,0,0.273,1
jbefqmy,15,4433,0,0,1,0,1
xzrcf,2592,1948,259,1,0,0,0
lbrevvncyq8992,58,3197,1,1,1,0.286,1
bot_xwbeqeh,41,2342,1,1,1,0,1
lwpeuvab,2522,718,469,1,0,0,0
promo_epvfrkwfh2347,29,4366,0,0,1,0.211,1
hiibm6633,69,767,0,0,1,0.444,1
famstmrcpk,6468,925,787,1,0,0,0
click_jzwlywqeds,74,1757,8,0,0,0,1
gtwuj,7365,630,644,1,1,0,0
mydqrkfey,5083,768,673,1,1,0,0
cubsvgcsaa9346,4,1241,4,0,0,0.286,1
bot_hllgdom,79,2593,5,0,1,0,1
sjkrkkcxk9645,38,3050,4,0,1,0.308,1
iogdwwqvsu4861,34,5151,0,1,1,0.286,1
duzee,4538,437,528,1,1,0,0
lsegrffffd7957,41,1023,5,0,0,0.286,1
bot_yoocme,40,5634,3,1,0,0,1
kspil,7546,172,686,1,0,0,0
gfsocpwokm,56,2453,4,1,1,0,1
click_vulqsfm3176,38,5374,7,1,0,0.235,1
hptffmwagi,63,4780,5,1,0,0,1
qveqhhbfgk,8483,1378,424,1,0,0,0
ptgvntvnce,0,3608,2,1,0,0,1
aibvxvxh,9810,1996,562,1,1,0,0
rgauudm,9555,1575,702,1,0,0,0
pyhfcfohhd,66,2662,5,1,0,0,1
pdjvy,8141,1636,415,1,0,0,0
wzgbccexvg,6681,1472,425,1,1,0,0
lkuic,12,5621,2,0,1,0,1
eevjmglrvx,6567,324,133,1,0,0,0
promo_nfosfdkjq2143,63,4698,7,0,1,0.211,1
sltfdq3536,27,3114,7,0,1,0.4,1
qqzvktrgfg,463,435,753,1,1,0,0
vtcqu,6799,1057,290,1,1,0,0
promo_vwvmizoju1749,19,5507,8,0,1,0.211,1
icpyi,9209,640,123,1,1,0,0
cfrodk,3574,524,513,1,1,0,0
udfirs,19,3496,5,0,0,0,1
djbismh8414,55,2517,6,0,0,0.364,1
smtuhcwfs,2152,1398,89,1,1,0,0
xywnfblxk8167,3,1860,7,0,0,0.308,1
click_toblbgli8627,73,576,2,0,0,0.222,1
htyemgtpr,3890,317,564,1,1,0,0
qljoqw,1664,357,741,1,0,0,0
hfeusrfka,1927,1934,394,1,1,0,0
jouuhdtaj,3670,959,715,1,0,0,0
free_qskvjyx,29,3829,6,1,0,0,1
qboqgos,8784,1659,355,1,1,0,0
grvnvv,6342,1751,558,1,1,0,0
hdzduspe,6004,1310,46,1,1,0,0
free_cbxhre,18,1634,3,0,0,0,1
wxjhdb9134,34,5988,5,0,0,0.4,1
lfczdqe,5210,644,449,1,0,0,0
zeffoo,260,218,257,1,1,0,0
bot_khcbdzwctu,74,558,2,0,0,0,1
evfjfkdp,5080,1851,705,1,0,0,0
kcinm,3896,234,60,1,1,0,0
follow_sgyhbxtpam,80,2496,0,0,0,0,1
yzjgdc,3289,936,173,1,1,0,0
fsubtjja,6833,70,678,1,1,0,0
urwvcbliqv,5666,1649,177,1,1,0,0
nmxfcxoha3227,35,2534,0,0,1,0.308,1
yzjilnc,9679,838,164,1,0,0,0
tqwjecqmdv,4560,759,191,1,1,0,0
zelcwhpoid,7831,1836,764,1,1,0,0
qdovkzkf,6449,1969,197,1,1,0,0
ysyzobbhqn168,53,5471,3,1,0,0.231,1
nnqvzdwc,9712,531,425,1,1,0,0
hillhl,9590,1476,517,1,0,0,0
rykwt,6700,1852,119,1,0,0,0
lxvlqufvx,8470,1829,587,1,1,0,0
xsnyn4186,10,3173,6,0,1,0.444,1
upbfu3797,12,3816,3,1,0,0.444,1
vrdmjp,4642,174,424,1,0,0,0
pcdpg,7828,604,709,1,0,0,0
mlzyruqvf,8614,282,447,1,0,0,0
layagsc4671,34,5991,3,0,0,0.364,1
phpkl,1356,1832,280,1,1,0,0
evdevqjhf,5160,471,220,1,0,0,0
kvyhl,709,800,586,1,1,0,0
dgseelsod,6531,1834,758,1,1,0,0
tpbqogaji,6473,1520,580,1,0,0,0
dbxaetpvqr,3001,1017,161,1,0,0,0
win_hpfusv571,46,1002,3,1,1,0.231,1
promo_dqplruhxf9834,48,1034,4,0,0,0.211,1
pnlko7765,69,4677,8,0,0,0.444,1
bot_ilaypck3754,45,5529,8,1,0,0.267,1
nlbbk,5790,276,666,1,1,0,0
jcnjoxcl5715,77,5505,8,1,1,0.333,1
sqnmvay,5420,90,666,1,1,0,0
win_jbqieaits,51,4273,5,0,0,0,1
hojpi,5128,354,337,1,0,0,0
free_lunntfkpj3023,45,5730,2,1,0,0.222,1
whgkhbiue,6807,1960,208,1,1,0,0
kmsccj,421,454,493,1,0,0,0
lwwibnszfq4491,69,4952,4,0,1,0.286,1
lkvfzeedrd,18,517,6,0,0,0,1
mtzxmioixs,6164,1177,417,1,1,0,0
degaokavcy,854,1469,155,1,0,0,0
hflqkwy3647,24,4341,4,1,0,0.364,1
ofvzrrq,8221,1197,678,1,0,0,0
axktqhm,2500,826,716,1,0,0,0
naaptqrob,6057,679,445,1,0,0,0
click_kqqrv903,34,1835,2,0,0,0.214,1
bot_jbzjmseo8625,52,1638,5,1,0,0.25,1
vcarkav,3806,570,110,1,1,0,0
dedoa,8449,1267,10,1,0,0,0
gdlwepsh8476,70,2839,0,0,0,0.333,1
click_iaebjxh4978,24,2130,1,0,0,0.235,1
zesskdg,9538,1474,625,1,1,0,0
yjhjvocrd,1231,1327,422,1,1,0,0
qcspo,8414,442,232,1,1,0,0
ippzoex,1193,1549,578,1,1,0,0
otuldikp2189,19,3728,0,1,0,0.333,1
wbytjgjrm,75,1366,3,0,0,0,1
click_cgpseq2190,25,4970,4,0,0,0.25,1
nfcroci,74,3077,5,0,0,0,1
pwbkcmm4629,24,5411,7,0,1,0.364,1
follow_gjvsc7269,19,3499,3,0,1,0.25,1
pkkcpcoxw2224,31,4690,4,1,0,0.308,1
xcnbn,7491,612,74,1,1,0,0
iekimz6992,27,2168,0,1,0,0.4,1
mnbiy,6620,1225,181,1,0,0,0
rlovqvc3463,66,5093,8,0,0,0.364,1
iuswel,6669,1349,435,1,1,0,0
mutbxwn,956,1311,179,1,0,0,0
tbqpxe1929,63,5377,0,1,1,0.4,1
cxszges,6680,1252,733,1,0,0,0
bclcajf,6431,1149,771,1,0,0,0
qqdrbdvuv683,40,2539,4,1,0,0.25,1
iesnemyucy,34,842,4,0,1,0,1
fybbt1742,55,2169,7,1,0,0.444,1
veihxtg,3018,1658,206,1,1,0,0
ipobjlbgj,6282,1520,515,1,0,0,0
promo_boxnqye,41,3314,5,0,1,0,1
fkcukbu,4701,1789,516,1,1,0,0
tadzupi,7236,1532,191,1,0,0,0
nxpstmajbq5286,57,2294,1,0,0,0.286,1
ricijb,9626,774,222,1,0,0,0
fxgrb,9696,705,317,1,0,0,0
jgnuegc,52,4049,3,0,1,0,1
apzqgetopb1425,20,5119,5,0,1,0.286,1
hdcyqifw,9444,1159,636,1,0,0,0
jhsqeerw510,24,2972,2,0,1,0.273,1
hiyxptp,6562,311,177,1,1,0,0
ruhsuoiaug3908,27,5804,0,0,1,0.286,1
fywuv,29,1543,8,0,0,0,1
pozjnarfp,41,3089,8,1,1,0,1
ytqhfjna7176,21,934,1,1,1,0.333,1
free_zhitihcovc4321,58,1874,6,1,1,0.211,1
aecsariwk,261,219,248,1,1,0,0
tfmaqqupb,8802,1864,708,1,0,0,0
loiwwiapn,3888,1621,141,1,1,0,0
paksi813,67,2470,5,0,0,0.375,1
roaoovf,3151,1646,148,1,0,0,0
mcohnncoma,7745,1418,398,1,0,0,0
nxxzgzboxl9106,9,4502,1,1,0,0.286,1
eoxbtgw,4289,752,374,1,0,0,0
click_hafkczpn,26,3061,7,0,0,0,1
promo_cxzhocqwpx,10,4878,4,1,0,0,1
zwzcy459,71,1006,0,0,0,0.375,1
promo_agcahyrpz8199,24,2632,2,0,0,0.211,1
lukop,6,2798,2,0,0,0,1
nvwhz8944,65,1243,2,1,1,0.444,1
zbsokhcbt,34,5513,7,0,1,0,1
iejarq,9073,1146,497,1,0,0,0
xhwvc,8744,438,525,1,1,0,0
jufllsvt,35,933,3,0,1,0,1
click_pjemglbvb3135,33,2390,7,1,1,0.211,1
qnkxxvnmgl,15,1965,7,1,1,0,1
onwoilluxn9925,11,2991,1,1,0,0.286,1
pkfpl,7550,1765,577,1,0,0,0
sfqccekrdm,2218,548,673,1,0,0,0
uwhbkary,6871,116,417,1,1,0,0
fwctr9944,23,5415,0,0,1,0.444,1
idyqcuga2180,49,4610,0,0,1,0.333,1
cxdbnwisis,3,521,3,1,1,0,1
salrhm9887,2,2056,0,0,1,0.4,1
gdyzgdxzl,928,402,229,1,0,0,0
sfsuxq,8522,1470,616,1,1,0,0
jturet,19,3718,6,1,1,0,1
ycipllp,7513,460,606,1,0,0,0
jpxaak,46,3068,2,0,1,0,1
sagnyllkj,1635,1322,104,1,0,0,0
xgdrnb,5140,1651,260,1,1,0,0
rckghwbw,3936,373,101,1,0,0,0
jidqampamd,5583,1082,276,1,0,0,0
fkdwr,1542,953,649,1,0,0,0
promo_unbvb3514,73,1864,5,1,1,0.267,1
iiblwmxja7929,80,1431,7,0,0,0.308,1
raunpto6887,44,3962,2,0,1,0.364,1
tiuxplm,1219,931,437,1,1,0,0
tbrxrcnsap,7638,1772,132,1,1,0,0
gjykefvpn,2644,346,754,1,1,0,0
qybrnxl,3917,1372,265,1,1,0,0
bzhrri,57,2054,7,0,0,0,1
bot_ercwlzgf,40,1527,1,1,0,0,1
bxwehbnfuj,8088,1634,289,1,0,0,0
wpyim,111,504,424,1,0,0,0
tqkvgjiopr,7372,909,750,1,0,0,0
jhjcktdfw,8856,1350,220,1,0,0,0
fjixr3091,0,4765,4,0,1,0.444,1
ixqfx9504,79,3741,2,0,0,0.444,1
uppdywv,5334,290,536,1,0,0,0
jyduyw,67,5241,7,0,1,0,1
nsvbhtmznn,5797,531,428,1,0,0,0
yxiwoey,3431,135,126,1,1,0,0
hipdv5140,62,2473,7,0,0,0.444,1
vqojyqt,12,1599,3,0,0,0,1
swztwdshi,5640,1086,121,1,1,0,0
bdgyfj,5812,634,329,1,0,0,0
jjqxy,3051,249,435,1,1,0,0
yxfawwtga307,67,1646,7,0,0,0.25,1
bot_bzcwdthx7741,28,4695,0,0,1,0.25,1
follow_rfyzfoq,23,4108,6,0,0,0,1
bvgsmfnyvm,1342,680,739,1,1,0,0
jldwyl,7344,1693,574,1,0,0,0
ezfsfgzyv,6144,1287,478,1,1,0,0
tiqjt2662,27,5612,1,0,1,0.444,1
rzdbhttnbn2300,17,2613,7,1,0,0.286,1
vqbaqfqjl,1235,493,466,1,1,0,0
dipte60,9,2215,5,0,0,0.286,1
dymdifwbg,1352,1001,577,1,0,0,0
promo_xvjnk8547,20,941,7,0,0,0.267,1
jsbfgqoc2374,79,2390,0,1,0,0.333,1
coqhozqdw,8604,1751,209,1,1,0,0
mpfjhc,7182,1851,586,1,1,0,0
free_toanbp5198,34,664,2,0,0,0.267,1
riflst,8815,1456,218,1,1,0,0
izikmbfmi,1910,932,203,1,1,0,0
vghpgd,9168,1124,398,1,1,0,0
promo_knjoaznbf,50,5421,5,0,1,0,1
bot_udhfpclhsq,66,1676,0,1,0,0,1
win_tutuosy7461,29,4409,2,1,1,0.267,1
imkvvsz,7364,1026,435,1,0,0,0
jpmpkito,63,1623,0,0,1,0,1
follow_kjdxvfuqm,53,5363,0,1,1,0,1
lrfacbb,3851,1555,799,1,0,0,0
free_glrwbypyjo8310,3,3778,2,0,0,0.211,1
fontm,762,1839,705,1,0,0,0
win_wncigtnv980,12,4146,6,0,0,0.2,1
ijeodtt,61,3047,4,1,1,0,1
rvjijbscr,6035,1027,695,1,0,0,0
sgmowzjbqj,7759,1686,351,1,0,0,0
ksdlikyad,8504,86,547,1,1,0,0
wiraajpv,1445,375,504,1,1,0,0
tugtny4528,65,1365,7,0,0,0.4,1
bknhfcgcby884,8,2761,8,1,0,0.231,1
apmecx,5465,655,796,1,1,0,0
zoiaixxiaq,9610,1740,295,1,0,0,0
hszbbtramn,2580,859,276,1,1,0,0
mtjdd,23,756,8,1,0,0,1
guuixqmp,520,910,628,1,0,0,0
osdtzzszw,4681,993,785,1,0,0,0
egkcswyt6427,35,2646,0,1,0,0.333,1
zljdqzfqfe,4915,790,274,1,0,0,0
orknvhqb7406,2,2831,3,0,0,0.333,1
wnfex,522,869,171,1,0,0,0
bot_hadpxsgcse1557,38,3939,4,0,1,0.222,1
qiktf,80,3402,2,1,1,0,1
ilgfrhxc8820,41,2705,8,1,0,0.333,1
free_zvgouk7187,65,3051,8,1,0,0.267,1
vsgiffeeh,850,84,583,1,0,0,0
plhklet,2676,354,400,1,1,0,0
owubz5300,38,5837,0,1,1,0.444,1
guymf6433,42,3720,2,0,0,0.444,1
vszgnbold,755,1933,30,1,1,0,0
fuwysbvdnk,1777,1444,411,1,1,0,0
nfyiykumql,7291,1809,322,1,0,0,0
mgzdcllmjk,1885,238,444,1,1,0,0
aisgbvautv,771,79,392,1,1,0,0
free_vlkvwirfh684,3,1028,5,0,0,0.176,1
akjcna,716,1051,573,1,0,0,0
dnzgy,3970,1757,274,1,0,0,0
click_pezwtdzc4098,71,1383,6,0,0,0.222,1
oqiycsvnw,4602,1968,635,1,0,0,0
xoadqn,1892,602,548,1,1,0,0
unkapvsxr,8010,944,676,1,0,0,0
ppbhsw,343,452,732,1,1,0,0
slezusvs3738,58,5855,3,0,0,0.333,1
rgtfue,64,3378,2,1,1,0,1
umyzf2015,17,3213,5,1,0,0.444,1
rcpeduk,280,144,543,1,0,0,0
uwlgke4952,56,881,4,1,1,0.4,1
bot_xyusq,36,1527,1,0,0,0,1
ilgdlc763,41,3217,0,1,0,0.333,1
droileypau3174,57,724,3,0,0,0.286,1
free_nwgif,63,5943,7,0,0,0,1
win_bqjfnmcqy8011,16,5433,4,0,1,0.235,1
bkkgqf8223,47,5278,8,0,0,0.4,1
purmbnd,7042,532,188,1,1,0,0
orxjyiclal,9,3279,1,0,0,0,1
otsddp,8347,785,571,1,0,0,0
qfjsxf,9385,286,397,1,1,0,0
cislek,1237,1647,631,1,1,0,0
mficngxd9983,77,3385,1,1,0,0.333,1
ppchgpxvjg,3393,1736,705,1,1,0,0
qilzoxvq,2366,1280,625,1,1,0,0
jisqb,3589,451,331,1,0,0,0
bvuxtptqvw,2,5146,3,0,0,0,1
vjzlmnfia,8727,712,510,1,1,0,0
ktucxg,7695,1410,176,1,1,0,0
dsqgr4289,41,3325,5,1,1,0.444,1
win_swdkhigo,29,2543,1,0,0,0,1
vrpvkbr,3349,1146,653,1,0,0,0
oupwpsvhv,1416,554,454,1,1,0,0
cgnfgbg,58,4932,2,1,0,0,1
vwwxzlfux4052,27,3011,7,0,0,0.308,1
zgedavaju,475,859,716,1,1,0,0
rmurku,5099,1595,344,1,1,0,0
jbpquzzzmu7468,14,5164,2,0,0,0.286,1
kzberu,3758,62,683,1,1,0,0
tumzbxvvtj,459,1214,532,1,1,0,0
oclpj,3238,512,119,1,1,0,0
hnnxjvqtig,9342,152,65,1,0,0,0
win_spmbna,16,5225,3,0,0,0,1
xjnus6453,28,668,3,0,1,0.444,1
vjrddkpjt,3411,600,132,1,1,0,0
qrtxaq,56,4449,8,0,1,0,1
ybaszxbawl322,0,1199,8,0,0,0.231,1
fjvhep,66,543,3,0,1,0,1
stvus,7699,60,63,1,1,0,0
lithhsidw,6215,913,571,1,0,0,0
qciwggx,623,1479,171,1,1,0,0
vormcsout,8565,1980,201,1,1,0,0
click_nszaqs1088,4,2027,1,1,0,0.25,1
free_jzkbz5445,68,1343,3,0,1,0.286,1
hskshvkaev,5314,240,616,1,1,0,0
poojm,2481,1778,132,1,1,0,0
click_flgai,72,1490,1,1,1,0,1
jsuxmx,7399,888,332,1,1,0,0
tdeaxv2368,44,1108,4,1,0,0.4,1
qphcckg,2290,1068,36,1,1,0,0
promo_iezllbdy2883,47,3388,6,0,0,0.222,1
azxporu,6804,1636,108,1,0,0,0
exzbpcl,3715,394,756,1,0,0,0
fxxsvcvvxs,3811,637,428,1,0,0,0
aslfdaum,6739,176,329,1,1,0,0
bumiyik8797,16,799,1,1,1,0.364,1
jaqmamlqyz1401,49,2033,7,0,0,0.286,1
qycjsz,7890,473,549,1,1,0,0
atxvip,3033,1630,331,1,0,0,0
follow_wpsrwccs7395,19,3279,2,0,0,0.211,1
xigmbok,3292,1441,230,1,1,0,0
tssvv,5175,1470,197,1,0,0,0
qsrrp,2943,1459,451,1,0,0,0
gyopwf6902,44,1414,4,0,1,0.4,1
follow_vekrqgwgli2661,41,3851,5,1,0,0.19,1
ckubkj,3473,1620,601,1,1,0,0
kkyxwqcyn,7732,198,439,1,1,0,0
ytakzgxd,6328,852,405,1,1,0,0
iwebuum,7694,1445,422,1,0,0,0
fxcdxy,1248,194,327,1,1,0,0
fjoddbumzv,7737,1577,484,1,0,0,0
ovipdtn,9562,1323,547,1,0,0,0
promo_gvbphhh2579,25,4245,1,0,1,0.235,1
jqiulveyi9384,5,529,1,0,0,0.308,1
fgdmangvbu,3326,873,742,1,0,0,0
oevel,3349,785,449,1,1,0,0
fnqdbnar,8981,970,108,1,1,0,0
ywlkjzmmt,12,522,0,0,1,0,1
pdalurub,4176,1245,744,1,1,0,0
jvjvyzkn1702,46,1118,4,1,0,0.333,1
pvndw,346,179,472,1,0,0,0
vevjm8611,21,2274,3,1,0,0.444,1
zahuomc,9430,1912,534,1,0,0,0
free_znhxfkzfts3492,37,3543,7,0,0,0.211,1
jxora,66,1904,7,1,1,0,1
krmynzbrf4618,70,2404,0,0,1,0.308,1
mitob,8704,614,269,1,0,0,0
nlyegs,5803,1610,571,1,0,0,0
gkqyfiy6647,80,1738,5,0,1,0.364,1
dymetv,2236,758,552,1,1,0,0
follow_wlvicuptv9377,50,3965,2,1,0,0.2,1
efifjofst,419,1335,281,1,0,0,0
suwad,6735,983,658,1,1,0,0
yatcjgjtf,8054,893,728,1,1,0,0
ugvirou,6357,1023,74,1,0,0,0
kzbogv,1014,1725,130,1,0,0,0
tdqojdstvq17,59,3831,8,0,0,0.167,1
kesovvbduf,18,2891,2,1,0,0,1
promo_gggkueedj4621,37,2539,1,0,0,0.211,1
cyusrvkqq,1311,793,730,1,0,0,0
ucbgrmwom,5496,261,210,1,0,0,0
cbfxljpoix,1781,1097,427,1,0,0,0
win_ddciwpxq,38,3229,0,0,1,0,1
gmsruudnk,2190,1706,256,1,1,0,0
rmqqh,2495,1449,312,1,1,0,0
xnmgofhwt,5017,626,690,1,0,0,0
promo_nsglmmeh2131,66,5353,0,0,1,0.222,1
hvfoibjcvv,4583,543,703,1,0,0,0
promo_awcko6866,54,1204,7,0,1,0.267,1
bwsmfzqd,8397,1083,690,1,1,0,0
bvktsm5601,23,2990,7,1,0,0.4,1
uxslfvkn,71,5852,2,0,1,0,1
pajhmt,2162,695,519,1,1,0,0
tiobodw,5436,1908,221,1,1,0,0
qdvmoszpsz,8540,325,653,1,1,0,0
lvjtui,740,1454,71,1,1,0,0
fdnns,4878,802,205,1,0,0,0
bablb,6622,1993,48,1,1,0,0
hbcvyzjnu,4670,1357,263,1,1,0,0
kfvqhujn,7235,515,42,1,0,0,0
urpchgawr2696,52,5749,7,1,0,0.308,1
sbipz,8320,306,670,1,0,0,0
zwjvvy,19,2276,0,1,1,0,1
tlfowmqds,9381,431,589,1,0,0,0
free_xbuzur,69,2802,0,0,1,0,1
rktpwbrav,6242,1476,219,1,0,0,0
click_szpwys,72,2799,8,0,1,0,1
click_ifwzpi,72,2631,8,0,0,0,1
llkea,8738,797,139,1,0,0,0
hscygc,1752,1502,375,1,0,0,0
wnrddzgqpx,12,5311,2,0,0,0,1
ojwuuudf4417,47,5257,5,0,0,0.333,1
nxmzconymn,34,1744,7,0,1,0,1
bot_iukluyso1887,15,4114,7,0,0,0.25,1
rjkpv,6779,1849,698,1,1,0,0
yraeablilb,8309,1924,770,1,0,0,0
hoqku,5558,1583,262,1,0,0,0
gpsgj,219,406,342,1,1,0,0
ysrlxfstmq,2629,1923,796,1,0,0,0
ngsveeida,6092,714,290,1,0,0,0
zrifsutw,2227,251,605,1,0,0,0
hsunsvek,3562,1352,61,1,0,0,0
qqtfycidv,7253,645,453,1,1,0,0
pvyclmiy,7070,829,205,1,1,0,0
jekmctafe,239,841,309,1,1,0,0
qgqti7413,12,1064,5,0,1,0.444,1
promo_bfwbnq57,68,1753,3,1,1,0.143,1
vfsfg7416,17,5310,5,1,1,0.444,1
click_bbmtrw5119,55,1510,6,0,1,0.25,1
wvznjz,3453,401,774,1,0,0,0
pyykgrjc,700,1897,190,1,0,0,0
fkixcs8615,60,3238,2,0,0,0.4,1
nvusbvwet1935,24,5436,5,1,0,0.308,1
seuvkyi,8651,185,342,1,0,0,0
njtlrfggo,8653,1003,352,1,1,0,0
qxejpig,3334,862,753,1,0,0,0
wtovuh,9882,1743,181,1,0,0,0
rfuhcl,48,4391,2,1,1,0,1
promo_enszn7612,49,1211,2,0,1,0.267,1
bot_egvecouv,17,2617,8,0,0,0,1
byyay,3313,296,55,1,1,0,0
dhdkmzqfyv,62,4744,1,0,0,0,1
apttozzfet5595,37,5405,3,0,0,0.286,1
win_zconclxh,72,1734,8,0,0,0,1
uuoifunz,2557,1599,690,1,1,0,0
urjaalc,126,422,659,1,0,0,0
follow_hdrhbz999,42,4442,8,0,0,0.188,1
jwhlmusbln6162,14,4712,0,1,0,0.286,1
win_hldds,17,5695,1,0,1,0,1
qhhwhsqs,5600,1050,91,1,1,0,0
veoerpz1060,15,1372,5,0,0,0.364,1
fluekjyijb,4529,1224,685,1,0,0,0
rkluy,2238,1966,406,1,1,0,0
afgtaeo,1723,1729,308,1,0,0,0
fylaqwgri,7787,910,35,1,1,0,0
free_qynil9253,26,5439,4,0,0,0.286,1
free_lgjevxevc8075,74,5752,6,0,1,0.222,1
rojwbpyuyh,6331,284,545,1,0,0,0
xgtbwrv,11,4140,0,0,1,0,1
zxcdoptz,6905,404,601,1,1,0,0
tyhbeatyqz,7813,216,34,1,0,0,0
uldteiizee,43,3444,7,0,1,0,1
follow_lsvhg762,5,5512,8,1,1,0.2,1
efskzuzve,9027,1692,568,1,0,0,0
aowlwsnsos,9080,1713,278,1,0,0,0
free_okmsa3523,13,4296,3,0,0,0.286,1
vucafup,7958,1185,147,1,0,0,0
bot_vapfjfcx1910,18,1005,3,0,0,0.25,1
free_xldyno6933,33,3233,5,1,0,0.267,1
ouzfxcpjav,4296,656,125,1,1,0,0
free_rwomhoq2630,74,3104,1,0,1,0.25,1
pmkirzooii,3281,364,234,1,0,0,0
ridxjuaxny6142,39,1075,2,1,0,0.286,1
ctcwert4733,8,2746,7,0,1,0.364,1
rmcclfmbps7169,56,5642,1,0,1,0.286,1
promo_ppmur,13,5926,7,1,1,0,1
vgtfv949,21,1668,1,1,0,0.375,1
ogibyhmgp,1408,1700,500,1,1,0,0
yttfjhprhc,8802,792,798,1,0,0,0
win_unqbdtb5120,9,4295,8,0,1,0.267,1
mquxpwvvft,7364,1252,197,1,0,0,0
kjlahdegpy,8190,1112,772,1,1,0,0
free_qennfdahb,66,4717,6,1,0,0,1
win_spzcf5811,17,3755,6,1,0,0.308,1
whoalckvi,7637,1394,377,1,0,0,0
click_rpyxy3546,37,4413,4,1,0,0.267,1
mtxwdih,5931,387,386,1,1,0,0
promo_jycim9752,42,4858,1,0,1,0.267,1
gusmoxt,2719,166,197,1,1,0,0
qohyokvtcj1572,3,4037,6,0,1,0.286,1
gccvotwg,1031,1972,391,1,0,0,0
sbkwpykpun4721,53,2963,6,0,1,0.286,1
exhwb,6154,637,597,1,0,0,0
fqfcdq,2747,885,619,1,1,0,0
cnakts,74,5125,1,0,1,0,1
pckvwsah,62,5401,7,0,0,0,1
follow_vbvutg750,5,1831,8,0,0,0.188,1
dglbmupkn,7747,516,484,1,0,0,0
bot_acvuoiou53,50,4260,1,0,0,0.143,1
krslwoy,289,1531,20,1,0,0,0
luvbruk,6283,1799,746,1,0,0,0
follow_mnhcctmz,39,1164,2,0,0,0,1
osgbghju845,49,3695,4,0,0,0.273,1
qfenbki,50,4577,7,1,0,0,1
grzrr4012,24,1505,8,0,0,0.444,1
xaoilhswje,1667,1434,26,1,0,0,0
promo_wtqbks,8,5185,2,0,1,0,1
qixmmof,5248,301,172,1,1,0,0
click_yxgkjkqz,73,5593,5,1,0,0,1
pixjr,4680,891,201,1,0,0,0
abfnhg8881,1,3863,4,1,0,0.4,1
psdqlgww,9987,362,384,1,1,0,0
wpaaafita4877,77,2127,2,1,0,0.308,1
cyzndctayy9452,57,1182,7,0,1,0.286,1
srxew,2596,139,270,1,0,0,0
bot_kaguts6338,34,3342,8,0,0,0.286,1
hnykyy,4302,1029,294,1,0,0,0
cmkwei,6227,2000,575,1,0,0,0
lmnojurd,4313,216,426,1,1,0,0
scwvpb,7822,472,564,1,1,0,0
zbonw,4526,1294,75,1,0,0,0
win_opzwvoknu861,74,2319,2,0,0,0.188,1
kfbhqd,3874,870,78,1,0,0,0
free_oxilmb9332,2,3256,7,0,0,0.267,1
hvwyiwqs,9156,1224,301,1,1,0,0
ydjuqaa5942,50,2329,5,0,0,0.364,1
follow_aiwzf980,77,1608,5,0,1,0.2,1
lvyscofwl,4925,430,630,1,0,0,0
omhlfif,1581,779,643,1,0,0,0
eaccw,3332,912,288,1,1,0,0
nislbfe,9838,1780,12,1,0,0,0
mdqkcuw,8927,916,306,1,0,0,0
iqkyouzng,25,5154,5,0,0,0,1
wnfrun,2562,917,68,1,1,0,0
click_ybwgptgmnf9798,40,805,5,0,0,0.2,1
gpbtpquvjd,9350,659,713,1,0,0,0
eywxdkulh,3006,1921,411,1,1,0,0
click_vrgxlkdp9784,51,1808,5,0,1,0.222,1
click_qungjjwd8011,4,6000,5,0,0,0.222,1
qqqzmuzmq7968,67,1825,6,0,0,0.308,1
free_xqrgufdjkh3999,9,5264,7,0,0,0.211,1
fyxjmxvrsn,8543,867,15,1,1,0,0
njtrkj,4588,754,469,1,0,0,0
follow_uzmuxmyb5336,71,4582,3,0,1,0.211,1
rumgj6718,24,2327,5,1,0,0.444,1
rmardfkfmz,787,170,574,1,1,0,0
oxiyuisshf5297,33,2233,3,0,0,0.286,1
win_cagrwyu3387,38,5309,5,0,0,0.267,1
rchsfgt,7588,1439,421,1,1,0,0
mzlqbng,9969,1153,69,1,0,0,0
btgdakfnko241,32,4927,8,0,0,0.231,1
rdrwxcp4787,50,5475,3,0,0,0.364,1
wfslqz,8908,904,636,1,1,0,0
ldrcqrhwnd,44,3336,0,0,0,0,1
myrctv,9088,626,74,1,1,0,0
atqqzrlpl6039,1,3087,0,1,0,0.308,1
yogmskv753,52,4572,3,1,0,0.3,1
gsfikka,8249,398,244,1,1,0,0
promo_hcems8892,15,3577,4,0,0,0.267,1
nwruy353,53,1974,3,0,0,0.375,1
dafnh,7955,1820,203,1,0,0,0
iigge,6808,1024,283,1,1,0,0
ovgvyid,74,3538,4,1,0,0,1
bot_ftkqtap370,45,910,1,0,0,0.214,1
ijlybfcto2743,63,2915,0,0,0,0.308,1
vqehst,9156,1670,50,1,0,0,0
sftfhmjsgr,47,1667,5,0,0,0,1
xyaqhr,7744,450,26,1,1,0,0
mmxlrvy,7218,265,174,1,0,0,0
etvcuimmui,8163,1825,609,1,1,0,0
follow_qmgxbnigfd,0,5420,7,0,0,0,1
bzdsmkn,5570,1288,154,1,1,0,0
click_vzbav,15,4070,2,0,1,0,1
hkqbhwq,6356,1492,492,1,0,0,0
gzbkewzbsd,3181,131,536,1,1,0,0
yjrdgttrzl,1950,244,680,1,1,0,0
xvquh2935,19,3867,8,0,0,0.444,1
tqvcj42,67,1337,4,0,1,0.286,1
nuthaghs,9239,1182,294,1,0,0,0
wzgnmmg,2258,126,479,1,1,0,0
ibcyacqfld7963,56,3656,6,0,1,0.286,1
ekkjqjmh,2899,1994,779,1,1,0,0
oigpvdtbet,1981,193,628,1,1,0,0
ynvgorqp,4619,1849,702,1,0,0,0
paorbwnsc,7362,685,204,1,1,0,0
jfijgna,29,5429,8,1,0,0,1
promo_ppzkqjtg3060,67,5708,7,0,0,0.222,1
ybscbjjkq,25,5310,1,0,0,0,1
free_ccvcwnju1807,14,3346,0,0,0,0.235,1
promo_ropmybfgw6626,73,3899,3,0,1,0.211,1
eveaknc,8442,885,570,1,1,0,0
cnmtrtre1987,7,5444,5,0,0,0.333,1
jwrqxo2271,32,3494,8,0,0,0.4,1
qmtsvy8851,6,4373,2,0,0,0.4,1
zyybufdqzz8083,2,5474,6,1,1,0.286,1
lgeefmzqz,4706,675,763,1,1,0,0
win_vqsbuhy939,36,1622,1,0,1,0.214,1
dxksflkbg,3531,639,441,1,1,0,0
click_mqcdiiqcau3639,41,3396,5,0,0,0.2,1
jkogo,39,1721,8,0,0,0,1
gdbzghugv,8933,473,668,1,0,0,0
wxisomg5779,58,3462,6,0,1,0.364,1
btzie,9955,1975,490,1,1,0,0
pmgsro,3766,1800,376,1,0,0,0
free_outmvn8996,65,5915,5,0,0,0.267,1
free_wgcbuazz3282,68,1759,2,0,0,0.235,1
ojwbildo,7709,1340,553,1,0,0,0
llqkqjk,9763,1015,580,1,1,0,0
win_joynhc,12,4040,3,0,1,0,1
bqbmso,9219,1961,716,1,1,0,0
jnmearac,8138,201,657,1,0,0,0
piqehk,590,1520,287,1,1,0,0
nzjcqw,3198,93,584,1,0,0,0
pvipd2007,59,2969,3,0,1,0.444,1
agvkqwa,750,579,374,1,1,0,0
iexrikxthm,4477,200,292,1,0,0,0
free_zcsjvkqsxb,21,5522,5,1,1,0,1
piudk,3131,899,707,1,0,0,0
follow_qneqljy2211,2,5567,0,1,1,0.222,1
bjtvousznd6715,14,1043,0,1,0,0.286,1
bot_llnyhungm,34,2344,0,0,0,0,1
bot_nfcjubkyco4493,55,4428,4,0,0,0.222,1
bcyotnluoj6678,15,4153,0,1,0,0.286,1
qrscj,6,4853,4,0,0,0,1
oamdlymx,38,568,3,0,1,0,1
txioz4086,48,1674,7,0,1,0.444,1
zwfcnqls,3344,710,667,1,0,0,0
tppfcktu9701,74,763,7,0,0,0.333,1
ixlikourf4370,58,3634,0,0,0,0.308,1
nlbydvjni,5527,1400,276,1,1,0,0
promo_jkkdtwuopk2433,1,3995,7,1,0,0.2,1
okzvtr5000,52,3731,3,1,1,0.4,1
jmbllanqg,6764,1426,629,1,1,0,0
fklvjlhc,6247,1079,654,1,0,0,0
yyfddavm,9378,1253,58,1,1,0,0
aztrx9210,14,3856,1,0,0,0.444,1
dleluju,451,1805,775,1,0,0,0
rfhxsnhxv,4478,930,577,1,1,0,0
huapyfywc,8748,1762,372,1,0,0,0
mahlpjzc,6563,1590,284,1,0,0,0
mbfcx,78,2127,4,0,1,0,1
bot_techhps,71,5246,1,1,0,0,1
jiczpnsgtv,1683,1721,496,1,1,0,0
follow_fbbpwtszuw1636,78,1216,2,1,1,0.19,1
click_nbcnnxjp3800,19,1028,5,0,0,0.222,1
oxuzerhsvj5779,6,3734,5,0,0,0.286,1
vbmoxev7383,43,3713,3,0,0,0.364,1
yjmlsj,3711,1380,457,1,1,0,0
bot_zyexcr8575,34,4478,0,0,0,0.286,1
dfskv,6761,1661,733,1,1,0,0
click_wswxdkoza,54,4980,7,0,0,0,1
cadohn,3008,336,653,1,0,0,0
lexstq,3631,1284,562,1,1,0,0
gmqps,3555,690,539,1,0,0,0
yizmk6103,25,1727,0,1,0,0.444,1
vbcjpen,5120,1914,185,1,1,0,0
free_bxsgvfmsf,75,3939,0,0,0,0,1
win_ptcqgvk,63,1946,2,1,0,0,1
promo_qhjkmt5003,60,1491,0,0,0,0.25,1
vdpfxx,1345,960,78,1,0,0,0
kyimls5143,34,3695,6,1,0,0.4,1
nioclq,7087,836,719,1,0,0,0
tcxih,3620,868,258,1,0,0,0
prdbfeqn3270,1,2157,0,0,1,0.333,1
gnsaqdvq,7583,1259,593,1,1,0,0
hlsbuwpa2171,73,3271,2,0,0,0.333,1
pyavclu,4502,1922,761,1,1,0,0
phulgfih58,80,876,4,0,0,0.2,1
tqtykzci,7667,937,446,1,0,0,0
kcpgrqgn,7165,883,587,1,0,0,0
wyhorvxm,8886,846,795,1,1,0,0
ctqrp,5388,249,781,1,1,0,0
whpilopmvz4970,11,4458,5,0,0,0.286,1
cmwjtcn,4783,958,677,1,1,0,0
dkivi,9950,1615,646,1,1,0,0
follow_leezzgnv9969,76,3509,0,1,0,0.211,1
wdhpvmmrz,3,4108,8,1,0,0,1
promo_xduzsrbh,80,2278,4,1,1,0,1
mnsrf,8641,162,608,1,1,0,0
shwtpd,7240,632,365,1,1,0,0
promo_rtkbhla6381,3,904,7,0,0,0.235,1
gxhmtxvv,5943,1252,432,1,0,0,0
sjfgbq,9603,1703,427,1,0,0,0
gvzjsfcef,172,1312,99,1,1,0,0
win_rabgakffd,0,5729,3,1,1,0,1
click_qmqkvpcxqa8028,23,3183,7,1,1,0.2,1
qyqpevzvgb,67,2837,7,0,0,0,1
qgffsr,6572,731,113,1,1,0,0
tfyfvtiwb,5509,1689,253,1,0,0,0
kdgioe3901,25,2589,6,1,1,0.4,1
bot_bcneuc4604,71,1811,1,0,0,0.286,1
bjorwem3274,39,5296,7,0,0,0.364,1
gozapokdb,8149,74,495,1,0,0,0
cengqvn3815,76,4638,3,1,0,0.364,1
hsvyc8184,41,1971,8,0,1,0.444,1
dashm,4150,380,87,1,0,0,0
oydoy,5768,1776,722,1,1,0,0
oijavkn,5345,205,488,1,1,0,0
nrrgeskur,4509,1488,130,1,0,0,0
zowwisadw,9551,443,554,1,1,0,0
click_nctgakuthd9688,56,1015,6,0,1,0.2,1
free_jqbmlxv9683,63,4116,7,0,0,0.25,1
jahedo,2950,183,171,1,1,0,0
click_dubce,8,1287,8,0,1,0,1
click_xowozpsg,8,3734,6,0,1,0,1
grgdy,5837,1465,502,1,1,0,0
kshfiysu,1745,537,192,1,1,0,0
wmjaxv,6708,337,726,1,1,0,0
filhynndev,1192,69,133,1,0,0,0
nysdtmi3203,12,4138,8,0,0,0.364,1
owyhihrwjw,8370,1195,220,1,0,0,0
xbttcmou,7182,1622,83,1,1,0,0
free_onfsn1895,34,1720,3,1,1,0.286,1
auczgcpqwq,313,1893,519,1,0,0,0
hcawkwnbe,9559,1849,509,1,1,0,0
whxhyxe,2511,504,200,1,1,0,0
orjgdfufv,9479,864,68,1,1,0,0
free_bibjbyape1401,72,3428,6,1,0,0.222,1
uabmieusvp,6900,77,588,1,0,0,0
ohfmsh,9197,1123,534,1,1,0,0
hvsrzomi,906,933,794,1,1,0,0
vcxlxwhjsa,8370,1481,769,1,0,0,0
xlxwbbkvts,5018,164,368,1,0,0,0
hqbeiljpco,69,4387,4,0,0,0,1
yuyzxpnfsu,2354,1519,352,1,1,0,0
qgvzbfdw,603,1320,48,1,1,0,0
iglyx2133,74,5344,6,0,1,0.444,1
follow_dkqeobt,47,5074,0,1,0,0,1
gxhoiq728,80,4620,7,1,0,0.333,1
kublu,6278,1585,66,1,1,0,0
lrauegah,7,1545,7,1,0,0,1
win_xopiiyqh2427,26,1146,6,0,0,0.25,1
fedhb1943,54,4990,2,0,1,0.444,1
gopvszbnh8155,27,2693,1,0,1,0.308,1
rxvmobpxti,1850,105,49,1,0,0,0
hbrdpnspx,7077,1197,509,1,1,0,0
vveumbfjwi7143,62,819,0,0,0,0.286,1
free_lrsbruh1866,10,3331,8,0,0,0.25,1
ipzrq,4722,930,520,1,1,0,0
promo_fkjgwt,19,4267,1,1,0,0,1
bot_cevycnvpmu8949,23,3036,7,0,1,0.222,1
tyvtcehnwk,8556,559,13,1,0,0,0
hokglr,76,1395,5,0,0,0,1
wzqjiy,9435,1106,359,1,0,0,0
bdbiramip,3793,83,528,1,1,0,0
tkhwrz,6639,427,764,1,0,0,0
pnydupgp,52,5843,8,0,1,0,1
bnppyfxmt,4550,218,515,1,1,0,0
bjbhrkbi,1196,1625,411,1,1,0,0
imjtz,22,4274,2,1,0,0,1
qaudzyxq6079,15,5074,6,0,0,0.333,1
ssgnd8757,1,3920,6,1,1,0.444,1
rkmgo,1223,1414,532,1,0,0,0
sntpxpjpxo2405,77,5645,7,0,0,0.286,1
dvumpi,6528,1197,183,1,1,0,0
pbbjub4482,15,1714,4,1,0,0.4,1
qgnqlw6083,25,3836,4,0,0,0.4,1
ldxcsjm1364,15,1203,4,1,0,0.364,1
rijksjsxus,6274,95,422,1,1,0,0
promo_gbjawkjxr,19,4582,2,0,0,0,1
qndrvrj,1276,1318,387,1,0,0,0
bot_wjlrdofap5514,57,4816,1,1,0,0.235,1
raravughfw4473,66,1369,6,0,0,0.286,1
ifdnnh3503,74,3615,3,0,0,0.4,1
win_xjsmuqt6201,72,2859,4,1,1,0.267,1
mxpzmgmp,402,1770,588,1,1,0,0
gnwsrztf2485,70,2837,6,1,1,0.333,1
nkgcq,2452,980,519,1,1,0,0
tyzcks3416,67,5195,6,0,0,0.4,1
ajmtlhmszt,4569,767,522,1,0,0,0
ylogzsikay3592,72,1727,2,1,1,0.286,1
win_cvsazbxth3257,41,3106,0,1,0,0.235,1
uqwnwladq,50,5792,1,0,0,0,1
itkchyxum,3053,1666,194,1,0,0,0
mbnxtj,4449,1487,698,1,0,0,0
nvbkrgczw,63,928,4,1,1,0,1
hsukpm,8139,936,274,1,0,0,0
zavlvtvagd,5162,597,503,1,1,0,0
bnpxczghqe,9749,1000,451,1,0,0,0
wuhovvkhdo,2412,647,392,1,1,0,0
free_akvnlrm,80,2104,5,0,1,0,1
click_vrewl8622,29,2095,5,0,1,0.267,1
kpqzdmzq5762,21,5049,7,0,1,0.333,1
pzgzra,6216,844,686,1,1,0,0
free_tdmgcj9656,31,1374,3,0,0,0.267,1
ufrrz,2332,1994,296,1,1,0,0
free_qsozakw1030,74,3638,6,0,1,0.25,1
azxbqac,32,3424,4,1,1,0,1
win_gzmepoqzy2585,42,2717,4,1,1,0.235,1
rzcfmrf,8853,1072,499,1,0,0,0
follow_elfmpza9040,16,1475,2,1,0,0.222,1
wewvdkuc,23,4961,7,0,0,0,1
nyihcivz,4724,201,267,1,0,0,0
fwvhphl,8821,1712,201,1,1,0,0
jpaqa,7838,1763,30,1,0,0,0
cdpifa,5217,1546,684,1,1,0,0
jkcmrwwx,376,336,385,1,0,0,0
eczufiwch,9557,635,483,1,1,0,0
wnorxhebw,3826,1687,755,1,0,0,0
qghcjmq,3252,1852,605,1,0,0,0
fweboggn,4703,998,277,1,0,0,0
qtqunoaal,19,2034,0,0,1,0,1
fqfwr,5865,854,440,1,0,0,0
zmtkb,5469,1122,164,1,0,0,0
eqpre4277,69,3831,4,0,1,0.444,1
ehgdt,1122,286,319,1,0,0,0
qckcd,3178,1587,380,1,0,0,0
onembqxkr3365,21,3225,1,1,1,0.308,1
lduikkgpsh,263,518,456,1,1,0,0
vgfve2233,45,1482,0,0,0,0.444,1
zypmpjh9049,33,613,3,1,0,0.364,1
thetrxo1212,61,2734,6,0,1,0.364,1
noqetjkhy,983,168,626,1,1,0,0
pviap,36,1238,1,0,0,0,1
vzoaabidk,794,1989,346,1,0,0,0
click_jtiry,16,4939,8,1,0,0,1
dpjsnvhk,5036,1355,542,1,0,0,0
qkkwzom,8377,723,576,1,1,0,0
psgpm,1526,1515,214,1,0,0,0
wuqvxy,1542,1761,639,1,0,0,0
free_nmbncsfbbx6454,11,1340,6,0,0,0.211,1
zwxljyexr,656,1986,730,1,0,0,0
click_wwxqdpnwb7541,49,2970,8,0,0,0.211,1
win_jrmyn,57,2398,4,0,0,0,1
qjllthfkk,9265,541,764,1,1,0,0
kdefej,9261,190,488,1,0,0,0
ntjuq7185,56,5732,8,0,1,0.444,1
strjfnrkqj102,20,3171,6,0,0,0.231,1
ovbtok,8002,81,640,1,0,0,0
tfrorbpgpq,17,5812,8,0,0,0,1
zrhezu4518,63,5621,2,0,0,0.4,1
qmxkmebpvh,8690,446,12,1,1,0,0
vqpyoalwg,6256,105,778,1,1,0,0
vepone,2722,1184,760,1,1,0,0
hlegjkov,38,1458,0,1,1,0,1
bot_szvzdaxxn8821,66,1224,4,1,0,0.235,1
qjauhjrja6138,20,1461,6,0,1,0.308,1
cnynyie9196,21,1834,7,0,1,0.364,1
win_hktks,34,4122,8,0,0,0,1
click_myqkivbzm2272,7,5218,3,1,0,0.211,1
ijdyzs,8238,1458,731,1,0,0,0
oydjaeaz1793,55,3157,4,0,0,0.333,1
psxcpbf,73,5349,5,0,0,0,1
rllklgoo,161,127,647,1,1,0,0
iikxc,5681,1115,369,1,1,0,0
afctx897,58,1493,1,1,0,0.375,1
rewlnsdxie,4495,988,55,1,1,0,0
ctefey6803,47,5810,8,0,0,0.4,1
follow_kjezzyll3709,41,1658,3,1,0,0.211,1
bot_efoxgy7198,76,4216,0,0,0,0.286,1
lghhap,6045,360,519,1,0,0,0
tksjmva,2489,1453,794,1,0,0,0
follow_sufhrouwjb,69,2841,8,1,0,0,1
xytveb,3739,350,342,1,0,0,0
dltxwbg,8878,1603,573,1,0,0,0
dvuvzr,5772,1284,46,1,1,0,0
lsbbdas6189,13,2503,2,0,0,0.364,1
dagdlskeeg,7234,1622,423,1,1,0,0
follow_vxzafd,77,3533,6,0,0,0,1
oxpdvjizw5743,46,3466,2,0,0,0.308,1
bot_uznypozthy1260,44,4673,6,0,0,0.222,1
ytihc,9005,242,560,1,1,0,0
click_fqucbx5634,64,659,3,0,0,0.25,1
free_xuzbkwr448,72,3720,2,0,0,0.2,1
ebynkyx,126,801,706,1,0,0,0
wjsfbal,3471,1382,367,1,0,0,0
follow_gvcjqoiy3223,51,4875,5,0,1,0.211,1
tsabf,9663,62,325,1,0,0,0
win_ahngaxqne,56,1210,1,1,1,0,1
mvobqexibw,2752,1853,72,1,0,0,0
hmiymbxep,6690,1830,448,1,1,0,0
free_lohwsvexpx,79,5683,2,0,1,0,1
tuevlpqmik7030,21,1663,5,0,0,0.286,1
win_rjxqlbl,45,5719,5,0,0,0,1
axddwkyq5918,72,1093,7,0,0,0.333,1
cuxnma,9087,936,250,1,1,0,0
xyzepmuvhd,68,5071,4,1,0,0,1
xoyarykiyp,2766,1471,33,1,0,0,0
tpzkylnaz,3932,1798,638,1,1,0,0
click_usvrqpc5108,60,1628,1,1,1,0.235,1
slcymrgz,17,1154,6,0,0,0,1
hsxyj125,76,5363,7,0,1,0.375,1
follow_rhmlzgrvou,53,571,6,0,1,0,1
fkcnd216,52,3254,8,0,0,0.375,1
oxojvqdd,20,4776,8,0,0,0,1
ugffmihoof,8842,1149,371,1,1,0,0
qatcfwqaw,3033,1183,707,1,1,0,0
bcissjf,49,2324,5,0,1,0,1
uocxgrce9567,47,5502,2,0,1,0.333,1
uhtohevexs,3659,234,216,1,0,0,0
kmhsdft3698,31,5186,5,1,0,0.364,1
phdnnqj,1136,91,484,1,0,0,0
click_tzedbmib9799,40,5865,0,0,1,0.222,1
follow_nrzqch2834,26,4224,4,0,0,0.235,1
gpuev5548,55,3690,4,1,0,0.444,1
rslxkzbpny,9503,1780,169,1,1,0,0
gaulhvi,6966,56,402,1,1,0,0
promo_lzohocbu,68,2006,0,0,0,0,1
win_ifwipfnfe,20,1842,2,0,0,0,1
win_fphjmfww7244,76,3017,8,0,0,0.25,1
rynqkvst,7793,1145,283,1,0,0,0
nzlgsgf,5139,229,351,1,1,0,0
ajxca,8134,1691,571,1,1,0,0
click_bnqxkof9890,25,1404,5,0,0,0.235,1
mpmvguqao,9975,762,770,1,0,0,0
follow_wujya218,13,4102,3,1,1,0.2,1
hopkcqhd,8234,723,663,1,0,0,0
ahghuc,7752,423,107,1,0,0,0
hgazpnsef,4131,610,101,1,1,0,0
oxjyuoxgdd,5739,671,400,1,1,0,0
ibgzmlobmo,4460,1557,109,1,0,0,0
ulgwktsxzs,1943,1474,557,1,0,0,0
fgkfcz,35,4869,0,0,0,0,1
jhlzct,65,5141,7,0,0,0,1
lsxoatt473,11,4003,0,0,1,0.3,1
hosjieaz,58,5134,4,0,0,0,1
vvmpzlmmd,6607,842,643,1,1,0,0
win_zpqzwffocr6677,63,3787,8,0,0,0.222,1
qcvgncbti1135,24,5711,4,0,0,0.308,1
ifevhvmlm,9188,1076,425,1,1,0,0
follow_equwi860,72,775,7,0,0,0.2,1
bot_bfwcvsgcxo,47,5179,8,1,1,0,1
ehxlysc3172,21,2051,3,1,0,0.364,1
yzdakmas,4546,609,197,1,0,0,0
sbkjlvjt9264,52,2512,1,0,0,0.333,1
umfeamv,5777,228,640,1,1,0,0
rnwdebi1375,22,3768,6,1,1,0.364,1
bot_kueuzycalc,27,5568,4,0,1,0,1
fhfbcdvt,352,1375,582,1,0,0,0
vvkbdzavv,437,97,460,1,0,0,0
lwjqyaci5270,36,3013,7,0,1,0.333,1
zjuki,9702,88,536,1,1,0,0
cosnhaw,161,1378,524,1,0,0,0
ibixm,6375,952,41,1,0,0,0
free_zzkagvqmxl2391,69,4931,5,1,1,0.211,1
pkuzxisiew,1172,1377,750,1,0,0,0
wpubgurj6365,0,1848,8,0,1,0.333,1
yhhvebq,9372,1665,23,1,1,0,0
bawizykdia,4789,1521,760,1,1,0,0
qolidcle3953,23,5833,2,0,0,0.333,1
vctqtkqmzg3784,15,5468,3,0,0,0.286,1
bklwo828,34,1637,7,0,0,0.375,1
rzjwsxngj,41,820,8,1,0,0,1
hotctnkfdz,9866,966,126,1,1,0,0
bot_yprkshlet,37,4954,1,0,1,0,1
byhdahr,5333,99,230,1,0,0,0
kyvamftw5894,66,4821,6,1,1,0.333,1
free_cvscx,3,4178,0,0,0,0,1
eqtomx,4765,414,716,1,1,0,0
mctumosokk,6599,643,303,1,0,0,0
rcwcjpit5881,71,1729,6,0,0,0.333,1
kcekwb,242,550,628,1,0,0,0
free_qdywdmrx4627,52,4668,0,0,0,0.235,1
nofjc,8211,923,360,1,0,0,0
rdogifgawo,658,1432,173,1,1,0,0
owhju,9023,509,685,1,1,0,0
kykiitr,9,1576,2,0,0,0,1
bot_hjqmdavf,54,1851,8,0,0,0,1
zabiiiw,3453,1364,465,1,1,0,0
pyzoz1756,43,941,7,0,1,0.444,1
pohwlcdsce1418,73,4547,7,0,1,0.286,1
tbzihrgwln,6094,1003,666,1,1,0,0
supdoaxy,163,765,696,1,1,0,0
vegmsa2747,28,3335,0,0,0,0.4,1
zuheeu5293,60,3678,2,1,0,0.4,1
win_uzatnszc3652,54,4371,5,1,0,0.25,1
ffwilyzjdm926,77,2622,5,0,0,0.231,1
vyogxryn,6668,621,561,1,0,0,0
hwzhocqak,3394,1268,21,1,1,0,0
ptnkrwfaqw2147,7,1844,1,0,0,0.286,1
gojyxzi4029,27,4218,3,1,0,0.364,1
wqxphoo3361,59,3195,8,1,1,0.364,1
osddryr9093,1,4747,0,0,0,0.364,1
gnctngxn7664,60,3860,0,0,0,0.333,1
vqjpsatinj,6727,1303,656,1,0,0,0
lidni,1511,1934,304,1,1,0,0
click_lnmvihklt3141,61,3506,8,0,0,0.211,1
dyiwyrw,7715,1486,751,1,0,0,0
mvvbwwpgk,5810,674,222,1,0,0,0
hxarvwn,4261,1477,240,1,1,0,0
fmcsgx1213,79,4832,7,0,1,0.4,1
lugmq,2025,823,246,1,1,0,0
agrmwbq,7147,792,458,1,1,0,0
opbap2955,7,2777,7,0,0,0.444,1
nizoe,935,792,207,1,0,0,0
slughcq,3498,1590,598,1,0,0,0
dhhenjdh,4157,1545,686,1,0,0,0
nrnuu,8981,1777,517,1,0,0,0
dhgyvtbh,5283,1335,596,1,0,0,0
oiyqmakxg,5898,440,424,1,1,0,0
roobig,2258,1604,553,1,1,0,0
follow_hfvbimez,9,4375,0,0,0,0,1
bot_sdhptutjqo,20,5868,8,0,0,0,1
cpgdgm,8528,1030,65,1,0,0,0
zxnaayi,9696,988,209,1,0,0,0
viwnziget,1704,628,214,1,1,0,0
rvmhvlttf9052,54,5391,4,0,1,0.308,1
dorgn3372,7,1390,8,1,0,0.444,1
jelbmkzw6242,43,4797,0,0,0,0.333,1
uaqlzen6239,20,535,1,0,0,0.364,1
zvhsjapafh,245,1102,17,1,1,0,0
ulwhijpzy,1830,1886,225,1,1,0,0
pipgxwp,69,1105,2,0,0,0,1
pfwxgvttdk2806,79,5618,4,0,0,0.286,1
xeexfpuwx,725,364,412,1,1,0,0
itzxvfzm,9424,1160,685,1,0,0,0
xlcqz,4774,857,689,1,1,0,0
dckwwp,679,699,225,1,1,0,0
win_ynmtzckzpd2337,6,2199,8,1,1,0.222,1
omcphyljjs,3600,1608,478,1,1,0,0
jzhtlx,3956,734,648,1,0,0,0
follow_wuuevqxf4365,12,5159,7,0,0,0.211,1
vqmotazc4434,28,5646,6,1,1,0.333,1
ugncxqvt7624,38,5885,8,0,1,0.333,1
xhchm2717,13,713,8,1,0,0.444,1
bot_yqtlbxvm5957,6,1550,7,1,1,0.25,1
free_azkdjypvqn,25,5754,1,0,0,0,1
utwviluwz,43,5320,5,1,1,0,1
pgkmv,4678,1785,400,1,1,0,0
click_bcvxmhhcyt9042,23,2943,1,0,0,0.2,1
ddyxbwo,2705,963,361,1,0,0,0
qoqrflgqu9012,63,3911,7,0,1,0.308,1
ltyrni,6464,842,488,1,0,0,0
free_esvtdpve6269,44,3621,1,0,0,0.235,1
wmtbxlcksl,3556,1991,238,1,0,0,0
dtpxocbgq,9032,221,49,1,0,0,0
drbusosuer,29,5967,1,0,0,0,1
lbdserp1825,45,4480,6,0,0,0.364,1
free_ydboqahmbb,18,5345,1,1,0,0,1
odiqhlw,9566,381,137,1,1,0,0
dnklxy2461,37,3895,2,0,1,0.4,1
jusozqjvgs,7004,675,78,1,1,0,0
gylrgpmc,4507,423,192,1,1,0,0
hshqz,8079,1620,455,1,0,0,0
owtxpyx,7755,1308,466,1,1,0,0
pxdisvw2305,51,4070,4,1,0,0.364,1
promo_zctiz583,72,4178,2,0,1,0.214,1
atwsihr,8943,193,212,1,0,0,0
wqzgy,7991,1954,420,1,1,0,0
promo_phnnvyy2616,3,1608,4,1,0,0.235,1
lhqme2597,72,2842,3,1,0,0.444,1
ijeggjkfk,1809,172,657,1,0,0,0
mnjozgjd,1876,1367,46,1,0,0,0
promo_ghpgqnkkga,19,2669,1,0,0,0,1
click_vqnisdloa4610,44,2116,7,0,0,0.211,1
lkqtdthoa,3265,426,542,1,1,0,0
promo_vbtbcuw,71,5526,2,1,0,0,1
vhllik2444,77,4586,4,1,1,0.4,1
fdskkp953,55,4968,0,1,0,0.333,1
click_wheuqog2936,63,5297,4,0,0,0.235,1
tdliluanu,5531,536,611,1,1,0,0
qntcao,349,317,599,1,0,0,0
rthgrbepy1503,51,2766,5,0,0,0.308,1
click_ifqjxq8342,74,2557,5,0,0,0.25,1
txtbsatk323,14,3796,3,1,0,0.273,1
epfgm1577,44,3377,0,1,0,0.444,1
free_htfrrrsx,79,5043,1,1,0,0,1
acpoupkb,603,948,32,1,0,0,0
oxfmykketh1532,64,3880,1,0,0,0.286,1
eqmcrqjnh649,54,4994,2,1,1,0.25,1
nopibfu,9200,127,681,1,0,0,0
cucid,4809,673,401,1,0,0,0
uuivof,787,1778,728,1,0,0,0
wgnxegvah,4498,385,561,1,0,0,0
win_zkyhwjouj,79,504,7,0,0,0,1
nvufqmcejl,75,1305,7,0,1,0,1
promo_yhfdczrrd,16,4460,0,0,0,0,1
tygdasj8542,59,4175,6,0,0,0.364,1
ipmfpxhunb,5602,1845,668,1,0,0,0
yhgjjprv,3546,1134,218,1,1,0,0
win_vnhlegvbuw8947,44,2303,4,0,1,0.222,1
free_ltxjh7712,38,2610,1,0,0,0.286,1
follow_kjgevwxjge7693,6,1027,1,0,0,0.19,1
follow_stnmgy6023,68,4571,0,0,1,0.235,1
eimzpzjihr,2664,1436,448,1,1,0,0
win_wudqkitjcv649,30,1107,5,0,0,0.176,1
tazkhif,7597,475,511,1,0,0,0
free_xquzfngx4100,37,1648,4,0,0,0.235,1
alowpr,6804,1148,592,1,0,0,0
bunaj,1914,160,110,1,0,0,0
dxwxxxz,13,4704,5,0,0,0,1
djtkggcgxc,6492,1630,96,1,1,0,0
tibinmojoh3894,15,5556,0,0,0,0.286,1
hkozxxlqq,35,5507,2,1,1,0,1
lehssds,5845,1403,673,1,1,0,0
bzepafqumk7780,5,3055,8,1,1,0.286,1
dcvohnfcg,7044,1730,763,1,0,0,0
xtngcukxhr,6344,1901,599,1,0,0,0
xaqlx3920,27,4176,1,1,1,0.444,1
win_ilgmzmdmt3337,65,5514,7,1,0,0.235,1
qoeizl,5377,128,62,1,1,0,0
jricfah,5810,474,556,1,1,0,0
aimohtmgk,9318,892,182,1,1,0,0
zeoft,3757,1381,271,1,0,0,0
free_ocyqnfjncw,62,3146,4,0,0,0,1
bgrzh,7941,1429,322,1,1,0,0
axhujdpkty,5353,371,622,1,0,0,0
virvnm,2850,1010,404,1,1,0,0
tlimjcu,9095,476,52,1,0,0,0
olbwhoor8055,2,3393,1,1,1,0.333,1
igtlhtzn,265,1681,743,1,1,0,0
fugpfhsnz,2888,1668,512,1,0,0,0
fifpeiqks,2260,935,83,1,0,0,0
bot_pvjhn9103,48,2198,6,0,0,0.308,1
mzokcbhvq6987,27,1637,7,1,1,0.308,1
zhnfwuf,4292,1608,537,1,0,0,0
izujkb,8536,409,691,1,1,0,0
tuootkpoxn8771,67,2380,8,0,1,0.286,1
vpkxg3694,34,2886,7,0,0,0.444,1
vhwwgvid,68,5477,0,1,0,0,1
ufzcjo,5556,935,598,1,1,0,0
wrtpat,6291,212,561,1,1,0,0
eogsm,2420,184,126,1,0,0,0
buwibmr,6573,1083,642,1,1,0,0
otsrzqiqp,7818,1039,70,1,0,0,0
hjeowdrmuf,2,2863,6,1,0,0,1
free_tvtbao2387,34,5418,3,1,0,0.267,1
wujin,255,825,281,1,0,0,0
orsrsc,6428,295,21,1,0,0,0
sstgedt,1285,1024,63,1,0,0,0
uznflecagk4973,30,4139,2,1,0,0.286,1
evpbpeit,8953,1654,150,1,0,0,0
qscaxsf,3046,318,445,1,0,0,0
kszegu6858,54,1772,8,0,1,0.4,1
wuiljkcz5249,76,1143,3,1,0,0.333,1
win_dtbse1013,50,4939,5,1,1,0.308,1
nagkfn,236,1418,393,1,0,0,0
promo_lysfxnu1629,38,4878,2,0,1,0.235,1
eajefrcajo,1026,1799,50,1,1,0,0
win_itybllhejc,72,1438,2,0,0,0,1
zxisrbgfq,8897,1024,641,1,1,0,0
bjecoixba,3318,839,605,1,1,0,0
nxhwebbz,1872,1979,328,1,0,0,0
lgqex1049,76,4382,3,1,0,0.444,1
ipwnaf,9543,74,582,1,0,0,0
pkggqd,74,5942,1,0,0,0,1
gieznj,73,1994,3,0,1,0,1
click_ycartyc,59,4427,4,0,0,0,1
zbhhvqbnoz7750,20,2411,4,1,1,0.286,1
ifacz,29,5809,8,0,0,0,1
nigiavpwws,4312,933,788,1,0,0,0
free_kdqtfzsdyw1521,26,2231,2,0,0,0.211,1
rvkelqvt,5508,228,150,1,0,0,0
havjlge1142,11,3134,1,0,1,0.364,1
zxpzgwx5328,74,4776,2,1,0,0.364,1
qudlw,5130,133,12,1,0,0,0
rucgofzl,820,1802,12,1,0,0,0
vngvlpli,6602,1269,283,1,0,0,0
zmwmiqc6690,42,3961,0,1,0,0.364,1
free_bujqi,68,2983,5,1,1,0,1
oxssuatj,1121,1009,398,1,1,0,0
qotrqu4602,64,5869,0,0,1,0.4,1
esitzy,8453,1799,703,1,1,0,0
rorxieshlu,456,469,331,1,0,0,0
follow_puyexsxc5194,79,5962,8,0,0,0.211,1
win_hlluhyvwd,2,1842,7,0,0,0,1
vmymilvfm,3276,1205,504,1,1,0,0
rokjulv3677,53,5963,1,0,0,0.364,1
docpyudl,423,1436,607,1,1,0,0
lltrpiulr5869,1,1736,7,0,0,0.308,1
zanxuovgdz5076,30,2192,2,0,1,0.286,1
zapzaebsrp,2882,1936,540,1,1,0,0
click_htqoc9857,39,1872,0,1,0,0.267,1
xgkdlbrj,8808,1359,697,1,0,0,0
jtyeghir4031,65,4737,8,0,1,0.333,1
qiczlfk,4921,1723,748,1,0,0,0
click_owsfhbeip,7,724,5,0,1,0,1
win_mxhths2820,43,4721,8,0,0,0.286,1
win_ossbg,68,2471,3,1,1,0,1
osjefp6377,48,2370,5,0,0,0.4,1
free_apekwuszr4475,61,4156,8,0,0,0.222,1
etfgprqjj,782,1324,694,1,1,0,0
wjdtl,5944,615,120,1,0,0,0
cjbdlha,39,3951,4,1,0,0,1
jbbhsrkt9863,41,3922,6,1,0,0.333,1
ayfgjf,2268,1327,596,1,0,0,0
promo_moxisdptf8587,69,1395,4,0,0,0.211,1
win_byrkjtedv,80,5614,4,0,0,0,1
yrsfnf,3310,868,100,1,0,0,0
vluptrxtkr,5454,872,737,1,0,0,0
oojkspv,6930,679,478,1,0,0,0
win_nqnoecfpnq,64,5613,4,1,0,0,1
kirduxkp,5016,62,215,1,0,0,0
promo_irmtjgt,39,2810,2,0,1,0,1
encykvsr,66,5800,5,0,0,0,1
rrniaaa,9439,675,594,1,0,0,0
wzucriqg,9942,1585,669,1,0,0,0
dzbbbvtpl252,0,2585,2,0,0,0.25,1
xzlecc,9656,1455,718,1,0,0,0
promo_udaybifnjx,15,3426,4,1,1,0,1
mdppja,1569,76,232,1,1,0,0
eqmqhs,3576,73,505,1,1,0,0
mzdflupa3161,21,4228,6,0,0,0.333,1
follow_rehbqd,76,2625,6,1,0,0,1
hgpgglw,8508,749,786,1,1,0,0
iwkgrny,5525,801,391,1,1,0,0
click_wdgafvfb,59,1587,3,0,0,0,1
eshvuaqb6840,17,3606,8,0,1,0.333,1
iupxc7152,36,4008,4,1,1,0.444,1
rhcse6186,69,1347,7,1,1,0.444,1
elzojsffrc,7982,716,175,1,0,0,0
click_jkuzcjx5670,62,686,6,1,0,0.235,1
misajr2499,40,5800,5,1,0,0.4,1
cqdfxjtaq,1,5880,2,0,0,0,1
bmolvpynlf,2627,1167,61,1,1,0,0
mvqjx,68,4760,6,1,1,0,1
sanzpiogw,1026,1960,357,1,1,0,0
eeqixjpvz,2153,514,275,1,0,0,0
okrpnzwk6258,58,2184,8,0,1,0.333,1
dpuatj,3468,1094,184,1,0,0,0
win_ztoilstsb463,23,5603,8,0,0,0.188,1
utgugc719,25,2262,3,0,1,0.333,1
hbltkxg,2306,964,622,1,1,0,0
fvtce,8927,728,640,1,1,0,0
free_rvccbsdid3581,38,2463,4,1,0,0.222,1
etxuhpfxqc9235,27,2220,2,0,0,0.286,1
follow_afaipkfwza,14,5808,1,1,1,0,1
pgwdaogsww,76,5072,7,1,0,0,1
bhtoahtjcs,6781,483,48,1,1,0,0
mvmblfdoma,2518,1784,58,1,0,0,0
lpixqjtmm6161,48,1757,5,0,0,0.308,1
tijltv716,38,3257,0,1,0,0.333,1
ykiriw,4592,474,528,1,0,0,0
rsktr,4333,730,182,1,1,0,0
bot_fwegd8531,27,939,5,0,1,0.308,1
kqxetq3020,35,1788,3,1,1,0.4,1
fyhwmmsms,843,1000,328,1,0,0,0
gpqwczkdbh,5211,1409,256,1,1,0,0
fqdtthibn3595,72,5237,7,1,0,0.308,1
yxlnhge,7783,1656,58,1,1,0,0
atanzyups,40,3230,0,0,0,0,1
srgjcqxn,1163,721,795,1,0,0,0
vgabqmctjf,4833,1579,448,1,1,0,0
xjrtcsobgw,2211,591,147,1,0,0,0
win_qzevexg359,32,1861,7,0,0,0.214,1
mbimvlniew,2072,1678,293,1,1,0,0
hnfjbemmmn,7932,91,315,1,0,0,0
vnywznjma9150,77,5320,0,0,0,0.308,1
promo_mhodg3783,52,1684,7,0,1,0.267,1
win_awaltdhwt366,61,4557,5,1,1,0.188,1
nquhxqow,1254,790,680,1,0,0,0
mvinmvegye4017,46,3895,1,0,1,0.286,1
jhyiot,8011,634,596,1,0,0,0
xokrxlfo,4372,1054,692,1,0,0,0
click_inyxmrb861,30,4110,3,0,0,0.188,1
ivseqgyxb,4423,999,222,1,0,0,0
zcfhhgvwv,3267,226,681,1,0,0,0
gpuetz,5022,1945,118,1,1,0,0
qmwaulyqjp,4132,1271,150,1,1,0,0
hfudf,4990,957,349,1,0,0,0
promo_yhqsmwhc2627,26,3182,2,0,0,0.222,1
vtocboaqp,4816,974,299,1,0,0,0
vgzhlwt,1445,930,233,1,0,0,0
ncqgw8379,10,5800,8,1,0,0.444,1
qmhzfgk,7368,968,128,1,0,0,0
lwydblpuo387,40,2360,3,0,0,0.25,1
gomogkl,56,4326,4,1,1,0,1
acvgtimogn,18,1939,0,1,0,0,1
syqhob,6036,1554,284,1,0,0,0
khsfwhpb7596,67,5569,4,0,0,0.333,1
jlhrnm,78,5180,4,0,0,0,1
zrjgfzkk5499,13,4285,5,0,1,0.333,1
wnhcheqcq,2992,226,483,1,1,0,0
qqvkwoy,3894,1354,244,1,0,0,0
eizidgpz,9440,1205,235,1,0,0,0
vdhvycv7686,5,4789,1,0,0,0.364,1
yaobrchq,9910,853,798,1,0,0,0
hqomuiasqa,5922,223,551,1,0,0,0
sxtesz,3808,786,704,1,0,0,0
bot_lmgdkwvl1993,46,5857,4,1,0,0.25,1
zoezwaqb,1297,307,636,1,1,0,0
endonrfscx509,14,5882,0,0,0,0.231,1
iwujsmrji,7542,863,483,1,0,0,0
lasecmrwe41,18,2984,2,1,1,0.182,1
dfyrlkim6834,44,4393,6,0,0,0.333,1
swhnggx,9583,581,209,1,1,0,0
click_hmdccx,31,4215,2,0,0,0,1
siczpmq,4786,766,198,1,1,0,0
httujtr,9217,1685,571,1,1,0,0
zslvb,4736,541,704,1,1,0,0
kwhnrsqpca881,71,4199,8,0,0,0.231,1
asnhf,8554,929,333,1,1,0,0
bqagbhal8579,3,3408,1,1,0,0.333,1
tzubuh,1298,872,449,1,0,0,0
xivvc,55,3518,5,1,0,0,1
promo_snfrbwoks,56,4154,6,0,0,0,1
win_wbeqmw9270,7,1356,6,0,0,0.286,1
jklwdrtcci6885,29,3161,6,0,1,0.286,1
ihcsk9943,9,1823,5,1,0,0.444,1
nurzbsg,4677,1571,282,1,0,0,0
kbkaijyf2042,2,2249,8,1,1,0.333,1
kiuljyct3028,61,3022,1,0,1,0.333,1
shuitcou6935,66,3498,2,0,0,0.333,1
ytygtlp,5,909,4,0,1,0,1
agibv,1830,1549,189,1,0,0,0
sbpbdnwqnf,8303,352,185,1,1,0,0
sftdnisdn,7280,764,410,1,1,0,0
bot_ggfrtp3095,72,4076,3,0,1,0.286,1
win_fktbtk6193,31,5693,6,1,0,0.286,1
rehfr,6840,777,623,1,0,0,0
wvlap,7466,194,91,1,1,0,0
augwjglqum,2116,358,479,1,1,0,0
promo_kgoekpo3905,37,3682,0,0,1,0.235,1
ewaap,4819,1859,26,1,1,0,0
free_viaddtp,29,3423,4,0,0,0,1
bot_tjpon3760,33,1351,1,0,1,0.308,1
kkfvevo,5197,1198,342,1,1,0,0
promo_eiefqj8955,49,743,8,0,1,0.25,1
twnhdjywru,3114,1415,740,1,0,0,0
nnqsr5556,11,4368,6,0,0,0.444,1
promo_bifgewkxow3764,33,2437,2,1,1,0.2,1
brawtqpykm,76,2921,2,0,1,0,1
zlcqvprv,9455,347,46,1,1,0,0
eimbcodhw,68,3152,2,0,0,0,1
cffnadpon,1069,1272,399,1,1,0,0
khuqldo535,55,1659,1,0,1,0.3,1
plxrrzj,1701,330,272,1,1,0,0
vkqqy,7157,1606,294,1,0,0,0
wzxycb,3971,1852,277,1,1,0,0
rizqxpoue,2112,1744,99,1,1,0,0
muqzo6251,46,4101,2,0,0,0.444,1
vmhtcjoeg8000,43,2289,3,0,0,0.308,1
lnwflhq9708,9,1877,3,0,1,0.364,1
mgytltk5420,13,4428,2,0,0,0.364,1
brlcjxg,7661,663,424,1,1,0,0
fafhns,7701,1846,137,1,0,0,0
letjnyks468,3,5151,5,0,1,0.273,1
ncvzdwb,3215,1410,54,1,0,0,0
rvmua,2046,1139,260,1,0,0,0
aaoyksiztm,8633,1875,427,1,0,0,0
orzrtu,2341,1204,208,1,1,0,0
mqgnm,7228,1709,350,1,0,0,0
yqjcg,3254,509,193,1,1,0,0
exdwsrhowm,8248,1499,792,1,1,0,0
djziyh,7379,1120,87,1,1,0,0
free_djgbnoiah1771,38,3459,6,0,1,0.222,1
sjdggip6590,57,1384,2,1,1,0.364,1
lbfgrsw,1345,1493,519,1,0,0,0
qvtteqmtf,7,1340,3,0,1,0,1
bot_psxkiubn8690,47,2506,6,0,1,0.25,1
follow_dbcjlkah,13,625,3,1,0,0,1
click_zxoxosirvg2141,46,4667,8,1,0,0.2,1
promo_mlcjfbnci4499,62,2280,4,0,0,0.211,1
hybzxzx2802,26,510,7,0,0,0.364,1
twetixmm5706,25,5800,2,0,0,0.333,1
jqvmiwm,38,2802,0,0,1,0,1
btalh,8167,1202,133,1,0,0,0
wibwyrcixx784,32,5755,5,0,1,0.231,1
znjkx,644,1857,171,1,0,0,0
kyuysbcsgi4113,30,2058,7,0,1,0.286,1
yfzjxghgw,8607,1389,294,1,1,0,0
xdovuz,9571,496,125,1,0,0,0
vpmdrg,4380,1766,790,1,0,0,0
bxouvcifg,7473,696,452,1,1,0,0
lbtxacqu,7390,1957,568,1,1,0,0
qpurzkmpf7510,7,1120,7,1,0,0.308,1
bwtwpg9574,33,4020,7,0,0,0.4,1
xwxarbk,228,1868,15,1,0,0,0
dobkmnnmyi,486,510,798,1,1,0,0
owuwxzsw7379,5,1462,7,0,1,0.333,1
qbspkclw1276,63,2549,3,1,0,0.333,1
mtvpegaqzt5835,46,2400,7,0,0,0.286,1
cvpxb,9,2560,2,1,0,0,1
elfko,1886,1499,105,1,0,0,0
jbfuqsbqv,4787,1272,672,1,1,0,0
ndihf,287,438,228,1,1,0,0
jdnsfnrfa5249,28,5966,4,0,0,0.308,1
free_czzki4362,14,3699,8,0,0,0.286,1
ztjdivyy,14,3521,6,0,0,0,1
tgbik,0,4703,6,0,0,0,1
hvuauev,42,1850,5,0,1,0,1
yfheujhzvk,7119,616,383,1,1,0,0
free_dcdyzkuyz,3,5255,1,1,0,0,1
qwosqpunj,2498,1351,427,1,1,0,0
nmsrzwzmji,9714,688,611,1,0,0,0
ghkgkcyko,1871,825,741,1,1,0,0
ldxqnq,18,3613,6,1,0,0,1
bqsofu286,72,5744,3,0,0,0.333,1
tretvwbeqa1694,44,3873,2,0,0,0.286,1
fhvdjrb,432,1709,712,1,1,0,0
hzgxodba,6764,1399,355,1,1,0,0
wpltaz794,60,2871,1,0,1,0.333,1
obhurk,5963,247,105,1,1,0,0
gsieagjywg1895,74,2384,5,0,0,0.286,1
eomakai,3108,1019,73,1,0,0,0
free_wqokcfdbp3455,0,2329,1,0,0,0.222,1
ucmtqvelgw,9658,1382,507,1,1,0,0
yayda,9833,1827,359,1,0,0,0
qkszy,3507,1495,606,1,1,0,0
kvesxtnk,4167,1464,114,1,0,0,0
click_rtkjys8218,42,3392,1,1,0,0.25,1
dumvhr,24,1832,1,1,1,0,1
gfekap,5895,279,50,1,1,0,0
hnxmhoi,8264,804,279,1,1,0,0
mujplcgsq3958,73,699,6,1,0,0.308,1
guoeduvy,675,961,29,1,0,0,0
klyfz5743,80,1989,7,0,0,0.444,1
tjdvqqaou1292,50,3191,6,0,1,0.308,1
follow_aodojejgol,31,5973,0,0,0,0,1
bot_kspiniyto,58,2235,5,1,1,0,1
xtfnixlbbe,9180,1022,473,1,0,0,0
follow_jfzwx,61,4813,1,0,0,0,1
rbaknvaa,4217,1569,643,1,1,0,0
follow_gmhpqlsq1736,76,1326,6,0,0,0.211,1
mjgaj1507,33,3086,2,0,0,0.444,1
follow_ywvpd1761,2,4293,6,1,1,0.25,1
free_owjxjgyurp1085,69,2132,7,0,0,0.211,1
khwoteh,696,289,125,1,1,0,0
cxqeicgic,635,817,40,1,1,0,0
ascuirga,5318,1046,698,1,0,0,0
umcmogo,228,998,249,1,0,0,0
ndobx,9313,814,265,1,0,0,0
qbhmfb,1830,640,64,1,0,0,0
lmmhiaxdo,3792,1991,645,1,0,0,0
zfqnxdixx2380,68,5877,8,0,0,0.308,1
gtxzpysyo,8835,299,319,1,0,0,0
hjmchsh,4402,1338,58,1,0,0,0
znkrhh,9046,390,136,1,0,0,0
mifzadei764,72,4910,4,1,0,0.273,1
ywjosrxqmc,3266,661,575,1,0,0,0
qbttitw,2186,1061,412,1,0,0,0
elqdx,3683,1697,231,1,1,0,0
sssnxda6166,65,3506,8,0,1,0.364,1
wqejsvo3057,21,5505,8,0,0,0.364,1
ofbvmfbmqx,3944,694,353,1,1,0,0
rhshdjzjf,673,905,688,1,1,0,0
xailvodz,9289,1492,485,1,1,0,0
follow_wnkevjxmo5670,33,2051,3,0,0,0.2,1
click_iqldwws4682,39,2002,3,0,0,0.235,1
izgem,2526,1977,185,1,0,0,0
rrfjykaxb,5386,172,466,1,1,0,0
pbsmyqpd,8831,1545,652,1,1,0,0
qnouuja,7703,1704,731,1,1,0,0
pmgleqlnir,7039,955,223,1,0,0,0
iwtgwonza4194,29,5666,3,0,1,0.308,1
hyokulki,237,1424,658,1,1,0,0
vqjsw2974,22,4517,0,0,0,0.444,1
mxtjsdnup,916,1605,481,1,1,0,0
hdtmv6077,32,4681,8,0,1,0.444,1
hucegbuqqh,1847,745,367,1,0,0,0
click_gzhamyqqk3561,38,5334,4,0,0,0.211,1
tharczu,804,1028,704,1,1,0,0
win_hjxodzfdan1825,43,5381,5,0,0,0.222,1
qowicjuvfl,3855,1292,68,1,0,0,0
jbtxecualu,3683,1669,330,1,0,0,0
zxmit,4001,630,602,1,1,0,0
sibshdvd,32,568,4,0,0,0,1
uldimaothh,357,815,632,1,0,0,0
nqjwprat6196,47,1322,1,1,0,0.333,1
zahfgcj,1346,368,496,1,0,0,0
jchuvxqucx,5936,1991,54,1,0,0,0
qxeelad,5412,272,587,1,1,0,0
gzcyr,63,5576,4,0,1,0,1
nfjnpb,1927,564,411,1,1,0,0
follow_shbgkys5608,44,5815,8,0,0,0.222,1
ensayydlwr,9247,1926,392,1,0,0,0
eulnwnubp7193,20,5765,7,0,0,0.308,1
lhoicitw103,5,578,7,0,0,0.273,1
kodyua2586,46,1107,7,0,1,0.4,1
alfjzqted,2313,1732,336,1,0,0,0
myuoocgi,694,1225,480,1,0,0,0
click_inayp160,18,4069,7,0,1,0.214,1
follow_vjllcpudr,31,2063,0,1,0,0,1
qiwfnggv,8503,1625,723,1,1,0,0
win_drika731,11,4170,5,0,0,0.25,1
btkzeouqd4710,73,4223,0,0,0,0.308,1
nrizmjm,1694,1987,585,1,1,0,0
bfyjgist,3719,1404,443,1,0,0,0
click_ybjzbgq2941,32,1769,6,0,1,0.235,1
wmjvjqi,4700,816,786,1,1,0,0
pgffi,2870,1793,268,1,1,0,0
gsvaogdy,6729,1811,154,1,1,0,0
pddgon,9145,120,679,1,1,0,0
qmtcjzi,59,3845,5,1,1,0,1
imxsoge2883,65,4129,5,1,0,0.364,1
swoni6194,26,3886,7,0,0,0.444,1
mjfoemqn,2711,376,514,1,0,0,0
olmzemqd470,61,4151,6,0,1,0.273,1
emaqwkv,6938,1792,140,1,1,0,0
bjjepnamqr,2401,419,159,1,1,0,0
vaehkxpj,52,4008,2,0,1,0,1
golyv6631,77,5811,8,1,0,0.444,1
promo_wcpqg8849,25,2301,2,0,1,0.267,1
follow_dtsxewzlan2552,0,5902,7,0,0,0.19,1
txoxtq,2180,155,309,1,1,0,0
onpofe,5363,842,378,1,0,0,0
rarmwbp7400,62,3147,1,0,1,0.364,1
phqbubh,729,243,42,1,1,0,0
bot_weuib7163,74,1439,1,0,0,0.308,1
bxsgebbw,1487,124,375,1,1,0,0
uerjooff,23,5756,4,1,1,0,1
znjmxern2829,65,1402,8,0,1,0.333,1
ffpztimhs,9651,481,124,1,0,0,0
ngbubz,5572,601,634,1,0,0,0
ugybkguljq,2693,1916,99,1,0,0,0
kzlepr,2353,207,574,1,1,0,0
hucsm,5976,1896,36,1,0,0,0
rtrvktpjrw,4420,1310,705,1,0,0,0
click_whvuconme,14,670,1,0,0,0,1
vydfox1132,61,2743,8,0,0,0.4,1
zodrubgsw,1351,57,439,1,1,0,0
kcowvpr,40,1625,8,1,0,0,1
free_skjtv1656,44,1836,8,0,1,0.286,1
promo_hydnpknwwi1928,73,4110,0,0,0,0.2,1
rtrjlcowr9093,39,4092,0,1,1,0.308,1
tmqptpy,4060,296,481,1,0,0,0
follow_mnxwcgorn,4,1567,1,0,1,0,1
revvbiyb,8283,939,19,1,0,0,0
tkvfah,7747,932,44,1,0,0,0
pgwqrh,2224,1297,565,1,0,0,0
qyewevlx,6600,693,726,1,1,0,0
xcuir,32,5995,0,1,0,0,1
free_ozrlwfycr9974,38,5514,8,1,0,0.222,1
yohvklfh,126,1581,45,1,0,0,0
kelctk,1293,1710,576,1,0,0,0
iybmoynmgm,10,2184,4,0,1,0,1
ljpeufoip,4311,736,66,1,0,0,0
free_ohsadmkutc2206,62,5689,8,0,1,0.211,1
grvexzq,4834,1176,650,1,0,0,0
fegfd,29,4348,8,0,1,0,1
mcize1526,34,2949,3,0,0,0.444,1
free_pxwnlbdcrp3222,5,4819,1,0,0,0.211,1
reldotpvis6132,61,770,5,0,0,0.286,1
ontxclswjn,4277,871,344,1,1,0,0
rptbwq4170,35,4513,2,0,0,0.4,1
click_jaxxsbdl5359,45,1005,8,1,0,0.222,1
ousxtizr,9300,495,142,1,1,0,0
djram,5564,981,214,1,1,0,0
promo_hffqmpg4278,34,5204,2,1,0,0.235,1
agelnjrin1305,5,4929,4,0,0,0.308,1
free_armonell6301,4,5467,7,0,0,0.235,1
bmugklnvcj2846,59,880,0,0,0,0.286,1
avagm,10000,1344,674,1,1,0,0
follow_mkivvhd2324,68,692,8,0,0,0.222,1
vchfdemshm5635,77,5516,5,0,1,0.286,1
kfrzhoj,9049,456,41,1,1,0,0
lpgndag1805,33,3870,1,1,0,0.364,1
nkiujzp,477,607,785,1,1,0,0
vkqnltjby242,1,3884,4,0,1,0.25,1
follow_rwbsukszp,42,5115,4,1,1,0,1
qzsxxyhlnn,78,1042,7,0,0,0,1
bxvpe,7393,744,88,1,1,0,0
chnvecoakw3052,62,1360,2,0,1,0.286,1
pahkcpif,3029,1765,481,1,1,0,0
erhbw,448,1145,119,1,1,0,0
hxrnqtxlw5269,36,1041,5,1,0,0.308,1
rgdbbm,77,4880,6,0,1,0,1
eqandznrsv6310,47,720,3,1,1,0.286,1
nqgywz,6731,286,603,1,1,0,0
eroybfiden,71,5408,8,1,1,0,1
cvtljfkzx,5240,282,232,1,0,0,0
free_nyqsssjtf5310,49,4655,8,1,0,0.222,1
lgbjxlcku,8451,911,747,1,1,0,0
opqog,6710,1466,604,1,0,0,0
eakvc,1922,419,277,1,1,0,0
eyrtcyhe,1516,118,658,1,0,0,0
free_anvynrtlmk,52,4951,7,0,1,0,1
free_pgxjixf5886,25,4977,0,0,0,0.25,1
hzxdzl,8122,1204,789,1,1,0,0
oedomiqb,32,5202,2,0,0,0,1
cpksndor9110,70,699,3,0,0,0.333,1
mtdomoumao,9984,1002,393,1,0,0,0
puzis,6003,712,717,1,0,0,0
bot_ktywat9495,77,1027,2,1,1,0.286,1
ohbqcs,8063,105,673,1,1,0,0
dsstgi,8394,1728,45,1,0,0,0
qfcuvymsd,9409,1633,741,1,0,0,0
qouhjmm,9200,1140,553,1,0,0,0
follow_nhqscfv8828,4,4959,4,1,1,0.222,1
udydvkxz,5164,566,660,1,0,0,0
cxkkw,3024,820,20,1,0,0,0
bplyru,20,5388,2,0,1,0,1
nhfeqa,1553,1680,38,1,1,0,0
nvptyvd,3211,1174,28,1,1,0,0
nihwv,7927,374,190,1,0,0,0
biulrsg,2167,763,553,1,1,0,0
wulcugz,4109,799,413,1,1,0,0
knglujw,5426,494,477,1,1,0,0
promo_rljhzptka9917,72,3529,7,0,0,0.211,1
ehmvjzozs,2448,1894,370,1,0,0,0
gnlpsg,3037,1318,279,1,1,0,0
jkgfp,3543,442,79,1,1,0,0
jhoqpbygx,9994,1800,334,1,1,0,0
rzktuqktqx,999,58,28,1,0,0,0
pqyujzbb2347,71,5040,0,1,0,0.333,1
fejmrap,7740,1068,783,1,1,0,0
mtrpdgq,5550,988,542,1,0,0,0
rxylhjyg,9935,735,448,1,1,0,0
click_xjvmgnojc,64,3199,5,0,0,0,1
gjyxnhiw,2740,301,665,1,1,0,0
rbelttbw,9443,175,273,1,1,0,0
free_weziekgi,62,4100,5,0,0,0,1
kfhjfn,9226,886,666,1,1,0,0
rdilhirtn,55,1584,4,0,0,0,1
hniadgvh7258,19,4509,8,0,1,0.333,1
sjbwlhvftu,2727,177,738,1,1,0,0
ntssak,6691,1331,51,1,1,0,0
nypadseqsg,16,5874,4,1,0,0,1
qrjdph3016,16,3907,1,1,0,0.4,1
hanzvdohe,7432,159,481,1,0,0,0
eyljaxfj,9482,1079,261,1,0,0,0
win_adgivpbkya8915,9,597,7,0,0,0.222,1
win_hwvtvbz,24,3740,5,0,1,0,1
drfcyk,4523,1535,640,1,1,0,0
jibrqq,13,5583,4,1,0,0,1
etiksnbz,6105,333,183,1,1,0,0
fijgzx,3690,1510,385,1,1,0,0
uecwuytd,9,5396,2,0,0,0,1
geyejkqhgb276,64,3655,7,0,0,0.231,1
sumgmpb,8201,727,156,1,0,0,0
win_ufwgj6039,20,4942,4,0,0,0.308,1
win_idbuel2591,25,1911,6,1,1,0.286,1
ubmkz,5951,232,450,1,0,0,0
kwpjv,48,1281,3,1,0,0,1
hpgtosm,261,1744,475,1,1,0,0
mwgfr,5658,1288,237,1,1,0,0
promo_eksrvoa5948,33,5909,6,0,1,0.235,1
ycijkgxo,15,3745,2,0,1,0,1
fcjrr,2548,1621,165,1,0,0,0
rwcikoa,4083,1386,724,1,0,0,0
bklcamf,8249,113,554,1,1,0,0
zghehz,9812,1484,312,1,1,0,0
click_jbtqboocn6928,28,3514,2,0,0,0.211,1
click_zumoz8356,54,2103,5,1,0,0.267,1
zrszt,1232,1389,488,1,1,0,0
bqmwnaow,42,2828,6,0,1,0,1
anchfxvt,5162,1276,160,1,1,0,0
hbsepfghfl,5597,1156,335,1,1,0,0
fvdxdfn,58,5032,5,1,0,0,1
pxlyudo844,57,2359,6,1,0,0.3,1
lhdaojzow,7590,1886,62,1,1,0,0
usjoww7733,71,531,2,1,0,0.4,1
pqyrsbkq6288,54,4621,1,1,0,0.333,1
bot_wbtfy7560,21,1789,7,1,0,0.308,1
axqfxkipez2729,32,4050,6,0,0,0.286,1
qkcpmmwvlb,8771,1485,334,1,0,0,0
zrhiriv,6463,1431,371,1,0,0,0
hfxvygfn,8004,988,573,1,0,0,0
xuyrommuvb2961,36,4020,7,1,0,0.286,1
ibckrquft4253,7,3001,8,0,1,0.308,1
trixqlcev,1330,1046,673,1,0,0,0
cbxou,1508,1616,88,1,0,0,0
evijtksaj1228,48,869,8,0,1,0.308,1
mdcrfm5060,65,976,2,1,0,0.4,1
ymgqfobiss,9,3551,5,0,1,0,1
free_cxozxggwxe5773,46,527,3,0,0,0.211,1
zngrbyyvqb,12,3328,1,1,0,0,1
rbuobsdye,4271,895,647,1,0,0,0
rmxcwffx8416,30,4184,0,0,0,0.333,1
tbqclzjci,1912,1476,253,1,0,0,0
lfbucms,26,5113,5,1,1,0,1
click_fgkafmhax4932,6,2696,6,0,0,0.211,1
idnidam,7918,1864,464,1,0,0,0
pqmgz9503,52,2726,5,0,0,0.444,1
free_dqegh5456,59,1331,2,0,0,0.286,1
ltnyx,36,5137,0,1,0,0,1
follow_mshtzbr3563,58,3797,1,0,0,0.222,1
bot_hjigj9933,60,3434,3,0,1,0.308,1
dgburyww,7524,1672,688,1,1,0,0
ukajvbu7794,56,1169,2,0,1,0.364,1
muomezysf1124,73,4831,5,0,1,0.308,1
mdfplo842,70,1117,5,0,0,0.333,1
ylxguajmkx5284,3,3248,1,0,1,0.286,1
click_foceskzr6426,43,5635,6,1,0,0.222,1
xzcwomp,3307,446,233,1,0,0,0
ykgovt,1452,152,293,1,0,0,0
free_zpxxirdncp,53,4637,0,0,0,0,1
fnrkoi,11,3596,6,0,1,0,1
pmepyxi,60,3740,1,0,1,0,1
grxqazof,2437,1492,718,1,1,0,0
promo_yllsxs,0,2543,6,0,0,0,1
win_sxhzxe4963,5,1193,3,1,1,0.286,1
kaxkjcx8828,44,1296,7,0,0,0.364,1
tjyykzfqsp6911,30,950,8,0,1,0.286,1
aczqqffl,2466,637,692,1,0,0,0
lidszbyim,4161,412,612,1,0,0,0
xbzcv,2824,1593,664,1,1,0,0
win_lsqcjciw4629,75,5751,2,0,1,0.25,1
bslecptwm,9048,1589,506,1,0,0,0
free_jrreexzayz5610,2,3316,2,0,0,0.211,1
qvpcsr,3564,340,69,1,0,0,0
zbcivj9628,10,510,5,0,1,0.4,1
follow_ziabvkiciz,9,4577,6,0,0,0,1
acjguxxs,4368,1827,178,1,1,0,0
win_cllsw7842,59,3481,3,0,0,0.308,1
bot_enmndwjrpy7080,52,2524,4,0,0,0.222,1
click_iquaqqnyd3772,14,2655,5,1,1,0.211,1
lilrrr,1496,1592,17,1,1,0,0
xvpkrv,203,1187,623,1,0,0,0
dvumjtkv,1682,1066,497,1,1,0,0
dciybrr,5163,445,356,1,0,0,0
free_pdnobybgc8875,37,4842,7,1,1,0.222,1
jjkwaqxqbk,925,1533,413,1,0,0,0
asjsqxeyk,9938,1551,260,1,0,0,0
ymhsnl,8074,185,636,1,0,0,0
promo_tqvwiyr3459,42,1086,1,0,1,0.235,1
gmrctf,2872,373,210,1,0,0,0
uxzyf,174,76,608,1,1,0,0
follow_ihahpik531,47,3674,8,0,0,0.176,1
zhpjch4438,52,4288,6,1,0,0.4,1
win_mlvkttuyo7403,49,4768,0,1,0,0.235,1
ybpemfsq8031,54,5928,3,1,0,0.333,1
ruqhz2717,15,5062,1,0,0,0.444,1
lpywxbyxb,1584,797,48,1,1,0,0
win_dkjcpmbnp2804,12,4922,5,0,1,0.235,1
kdvtudm,5261,510,218,1,1,0,0
psrbqrxkn,9017,136,230,1,0,0,0
hriun784,19,4387,7,1,1,0.375,1
bttiyom9957,0,4288,4,0,0,0.364,1
axckxbgzme,2092,730,507,1,1,0,0
bfxonnwyf,5892,480,337,1,0,0,0
yhfzcb,8394,182,160,1,0,0,0
yjgzeqdxt,9501,679,416,1,0,0,0
free_iolsihu1670,8,2931,3,1,1,0.25,1
yoylkjidwu,19,3398,3,0,0,0,1
ovaoxt,9477,981,783,1,0,0,0
xnynqjj,3956,887,749,1,1,0,0
click_tjrczklptf1097,78,593,6,0,0,0.2,1
ltvybpc,3638,1364,531,1,1,0,0
gzcllm7550,21,2117,1,0,0,0.4,1
bot_uinknr3878,1,1342,5,0,0,0.286,1
ieoxltzqhc,745,1086,118,1,1,0,0
win_wdurn1068,7,4117,8,0,1,0.308,1
nhozpp,1972,405,101,1,1,0,0
kxrwkla,4723,1382,491,1,1,0,0
hjhlaz,8336,1658,357,1,1,0,0
free_ggrqbagz2721,50,4213,0,0,1,0.235,1
follow_tpthdemyfe,8,1470,0,0,1,0,1
latfbfu8235,57,3949,2,0,0,0.364,1
djnwcz,9898,112,389,1,0,0,0
csofciamuw,9835,369,92,1,0,0,0
promo_toolibzgyw3257,51,5598,1,0,0,0.2,1
lvexkzqzvt,2431,285,85,1,1,0,0
mluzrrxb,7807,1664,758,1,0,0,0
rqfykalamz,4617,920,661,1,0,0,0
ochsb,7544,339,529,1,0,0,0
paayvikalp,9907,604,303,1,1,0,0
rdieyun,22,4969,7,0,0,0,1
tyxgkpuses8248,52,5269,7,1,1,0.286,1
negjdg,4888,1861,436,1,1,0,0
anqyyutoq,3990,1908,392,1,0,0,0
sjrvgx,2093,1956,412,1,0,0,0
wpllclxvrx,1809,1623,204,1,0,0,0
qgnotxtop,1963,663,81,1,0,0,0
mdzvft678,69,4987,3,0,1,0.333,1
ouureb,2671,1136,382,1,0,0,0
ncjohpej2774,62,651,4,1,1,0.333,1
win_spejwqcgn,60,804,4,0,0,0,1
qehfglvx,2281,1037,578,1,1,0,0
xjwsq,21,2501,8,1,0,0,1
llahqwq,4665,1531,714,1,1,0,0
hzvqrrujqy,48,5931,3,0,0,0,1
mwhqsbdca,6441,1555,524,1,1,0,0
pyaim7282,43,1409,5,0,1,0.444,1
nbtnjjjh,2406,670,729,1,0,0,0
rmfgycwb8843,73,2524,8,0,0,0.333,1
bzafxif3232,42,1398,4,0,0,0.364,1
myrtl,4039,954,106,1,0,0,0
zadffdfoz4848,43,2238,3,0,0,0.308,1
uekghio2352,41,3082,2,1,0,0.364,1
ljagcnebhf,1352,682,408,1,1,0,0
uskycofcw9383,69,686,4,0,0,0.308,1
gtsqzeavyf1665,65,5036,6,0,1,0.286,1
uxqkjyybr,37,3682,4,0,0,0,1
kywjlrjoa3676,79,5200,2,0,0,0.308,1
bot_aefxhglyx,35,1434,8,1,1,0,1
akryee,7720,52,548,1,0,0,0
nbhtciohpq,3744,1801,529,1,0,0,0
ledzgpzzme,397,217,402,1,0,0,0
win_jjbuvvkbxy9338,64,4649,4,0,0,0.222,1
itssdewm,76,2277,8,1,0,0,1
click_udooytpms7702,51,577,2,0,1,0.211,1
nsxict3001,23,1691,5,0,0,0.4,1
zsunniepxn1373,2,2008,3,1,0,0.286,1
zaweaxdlb,4836,1153,139,1,1,0,0
hreiyu,2647,978,563,1,1,0,0
promo_cqprtymb,11,5509,7,0,0,0,1
bot_mtrpvrq8074,13,3924,4,0,1,0.267,1
todcdfkvk,9904,339,737,1,0,0,0
oqqtnm,5471,1185,338,1,1,0,0
nznmyuioa,1,1424,1,0,0,0,1
cxemcigs,1,5712,1,1,0,0,1
kyomvbm,3748,1933,264,1,1,0,0
fnfhi,16,2090,4,0,0,0,1
win_zxxxm9621,58,3304,1,1,0,0.308,1
tqblqgolp,35,4009,6,0,0,0,1
odlicpsm,5427,1674,567,1,0,0,0
follow_ehaxexce6696,8,4128,8,0,0,0.211,1
mfdamnbq,946,1276,529,1,0,0,0
promo_oeodjgoih7943,76,2542,7,0,0,0.211,1
ggadyap,41,3571,5,1,0,0,1
bot_jwdcdsqsw4853,63,4866,5,0,1,0.235,1
uiroisrsuj,7021,200,72,1,0,0,0
fsylwu,238,485,195,1,0,0,0
follow_xiwzuxsk5373,66,2663,4,0,1,0.211,1
untrdgnxyy67,12,2579,1,1,0,0.167,1
bqccmb,2308,232,528,1,1,0,0
glmis1797,12,4071,5,0,1,0.444,1
yebox,2171,784,134,1,1,0,0
bot_srwtdvqucj,16,1244,2,1,0,0,1
bot_xedou,0,5026,4,0,1,0,1
rmtmztfp,9412,307,615,1,0,0,0
junhh6414,25,4425,7,0,0,0.444,1
elxkxy,5448,1196,205,1,0,0,0
hjuaq,74,3026,4,0,0,0,1
eddvmtk3334,60,1414,2,0,0,0.364,1
jqeimjye194,1,5268,3,1,0,0.273,1
xqosptlrv,1194,1045,645,1,0,0,0
doxiuxz4641,54,4360,4,1,1,0.364,1
fzywv,4153,208,350,1,1,0,0
hdstbvkrc388,67,1986,3,1,0,0.25,1
zcodq7313,7,4111,5,0,1,0.444,1
geshninwij1414,64,1511,1,0,0,0.286,1
nvpkyrcmo,148,1164,670,1,1,0,0
vpyzp,8245,1835,516,1,0,0,0
twxonimq,5995,1221,51,1,0,0,0
gufowoypg1105,43,822,8,1,0,0.308,1
free_gkivsjmzf,36,2698,6,0,1,0,1
follow_ukkfgn308,2,4942,8,1,1,0.188,1
dsbbrprht,1180,824,399,1,0,0,0
yfrzmzb,8259,841,565,1,0,0,0
cvydssrnmd4608,63,3986,6,0,0,0.286,1
cefrsv,3703,718,697,1,1,0,0
dezld2849,24,1254,4,1,1,0.444,1
ezbylms5507,13,4360,3,0,0,0.364,1
promo_dguobwa3307,30,5512,3,0,0,0.235,1
ltytd,78,1047,4,0,0,0,1
oupoquutb,4887,134,453,1,1,0,0
pvpxxoih2696,69,4536,3,0,1,0.333,1
eqpgx,6291,1102,385,1,0,0,0
udzcncvjlm,6173,907,191,1,1,0,0
bot_lplmkwpr,9,3471,8,0,0,0,1
uqsjzyu6840,33,2159,5,1,0,0.364,1
jngfefsq852,66,3119,6,0,0,0.273,1
wsdqov,60,1252,8,1,0,0,1
wiiobhawaa,7182,1229,731,1,1,0,0
jngeyqyb2017,31,3104,4,0,1,0.333,1
jxdncou,8170,1148,342,1,1,0,0
ccpjxl,5403,1816,57,1,0,0,0
ksitygoh,4939,837,78,1,0,0,0
craagn8033,13,2592,2,1,0,0.4,1
fbetzlgs,39,1836,8,0,1,0,1
win_xtekubretf9919,15,3092,1,0,0,0.222,1
suoujy,5439,505,596,1,1,0,0
rlczjwn,565,676,34,1,0,0,0
rrcsuk,7843,760,31,1,0,0,0
free_iaahoixy,5,1926,0,0,0,0,1
ydvrnwpc4825,44,4942,0,0,1,0.333,1
dyyosnkoq,496,130,519,1,0,0,0
pxqeuln,508,1329,608,1,1,0,0
yynbwobt,9625,1420,435,1,1,0,0
anjwzkrd,5798,1712,279,1,0,0,0
vojnt,8761,87,727,1,0,0,0
follow_ftmmjdfhax,46,2639,3,0,1,0,1
promo_efkqgu6767,46,3830,3,0,0,0.25,1
ftkgitf,7226,733,43,1,1,0,0
nmxxqjqnf,4886,1528,232,1,0,0,0
brlulyg6569,48,3524,3,0,0,0.364,1
jiucq,7195,715,195,1,0,0,0
ymvqioxw,6410,846,176,1,1,0,0
rjemfz5679,44,3858,8,1,1,0.4,1
xsqfjw7260,75,2392,6,0,0,0.4,1
drfvhbg,6168,917,196,1,1,0,0
win_ktcdhu2067,24,4711,2,0,0,0.286,1
llnxab,9236,767,733,1,1,0,0
bbqwsyxjnw4259,6,1384,3,0,0,0.286,1
udeomqm,5885,429,613,1,0,0,0
jkbrlczzp,682,1955,110,1,0,0,0
gloqpbwmq2089,25,1190,7,1,0,0.308,1
youikxmz6869,62,2849,4,1,0,0.333,1
cyeqipb,6767,402,122,1,1,0,0
gmbrj,3177,1834,500,1,0,0,0
uinio,48,5969,7,0,1,0,1
promo_jvmxx1528,45,2784,3,1,0,0.267,1
apmcifl,9234,1240,244,1,1,0,0
uzsvxew7319,71,2324,5,1,0,0.364,1
kseuzjh,2236,1236,769,1,0,0,0
fadhxke3866,69,2649,3,0,1,0.364,1
droip,1957,157,522,1,1,0,0
ewinkq,2347,953,590,1,0,0,0
jqoalmgce,4341,1621,306,1,1,0,0
click_bwjgcpop5384,49,5842,2,1,0,0.222,1
bot_osxnmxbcwa3310,56,3515,0,0,0,0.222,1
pzysjeifg,28,613,6,1,1,0,1
mglxkdq,6501,1082,20,1,0,0,0
nfychakth9803,11,4389,1,1,1,0.308,1
mpmbffvik4146,3,2247,1,1,0,0.308,1
brnvohv1355,16,2839,8,0,0,0.364,1
click_rjxzyqya3355,21,2475,5,0,0,0.222,1
click_udezkaacmg,16,596,7,0,0,0,1
mzkbwg5210,75,3233,1,0,0,0.4,1
zulbfcwvun3006,31,4898,0,0,0,0.286,1
lyttyq,3327,126,459,1,0,0,0
uhlaajc,1380,1031,589,1,1,0,0
promo_ychnxuk9190,24,3935,3,0,0,0.235,1
bmhqfrpy,8021,1364,584,1,1,0,0
yckpfsk,8370,1179,592,1,0,0,0
lhojvycov,2990,1794,403,1,1,0,0
ulljswmgb,7051,468,713,1,1,0,0
mfaxxiyqi,329,1876,229,1,1,0,0
uhsjvimo,9046,1072,261,1,0,0,0
sbuwkglps,4999,1102,631,1,0,0,0
jrtiteq,4060,1044,424,1,1,0,0
win_gggakr215,9,5131,7,0,0,0.231,1
knpadux,7203,543,114,1,1,0,0
pckptfbc,9093,466,756,1,1,0,0
hgihlvx,2158,1297,281,1,1,0,0
follow_yjllu,0,2281,0,0,1,0,1
ohhfm,1,1848,7,1,0,0,1
zcbdxudtg,8378,1187,766,1,1,0,0
zmofnd,44,3193,5,0,0,0,1
vrtkpcy,9326,359,645,1,1,0,0
quvimiof,8975,326,336,1,0,0,0
czvmyxqhih,2756,1916,26,1,0,0,0
nvlbrwmug6884,40,823,7,0,1,0.308,1
kzjenqq,5360,1402,505,1,0,0,0
dsohzoc,2202,853,680,1,1,0,0
ypmandp,2390,205,255,1,0,0,0
fqczm7676,46,4475,7,0,0,0.444,1
qmicqmps,6226,771,733,1,1,0,0
wkvlbuz,21,1833,6,1,0,0,1
ulndkh,43,637,5,0,1,0,1
follow_mwqfgtz6494,44,4158,8,0,0,0.222,1
hzzymzv,1025,1130,217,1,0,0,0
zkfjbqhp,28,2423,3,1,0,0,1
tukokebfcx,2479,1891,520,1,1,0,0
follow_rqdzbhg1609,48,2189,0,0,1,0.222,1
pgidwru,3300,926,236,1,0,0,0
asnode,67,3622,7,1,0,0,1
win_osbpaxo,28,1127,0,0,1,0,1
rmoqfow831,47,4076,1,0,1,0.3,1
sgypom,9110,510,584,1,0,0,0
zqdetugpir365,71,2392,1,0,1,0.231,1
zqphaj3038,60,3445,8,0,1,0.4,1
zlnwhy6894,38,5735,8,1,0,0.4,1
tmbdzpeiw,69,3877,2,0,0,0,1
ygvsgddwig3797,1,4511,7,0,1,0.286,1
kunhhy,7748,527,612,1,0,0,0
narygszjz,5135,356,282,1,1,0,0
asxcb5954,51,2858,4,0,0,0.444,1
fmibxhrdjb8354,51,2881,0,0,1,0.286,1
