followers,following,posts,avg_likes,avg_comments,account_age_months,has_profile_pic,has_bio,is_private,has_external_url,has_numeric_username,is_fake,ff_ratio,engagement_rate,post_frequency,completeness_score,log_followers,log_following,log_posts
999,553,2,18,9,50,1,0,1,0,0,0,1.8032490974729243,0.027,0.0392156862745098,0.5,6.907755278982137,6.317164686747284,1.0986122886681098
151,2291,0,2,0,1,0,0,0,1,0,1,0.06588132635253054,0.013157894736842105,0.0,0.2,5.0238805208462765,7.73718007783463,0.0
97,113,9,1,2,16,1,1,0,0,0,0,0.8508771929824561,0.030612244897959183,0.5294117647058824,1.1,4.584967478670572,4.736198448394496,2.302585092994046
786,582,14,104,18,41,1,1,1,1,0,0,1.3481989708404802,0.15501905972045743,0.3333333333333333,1.1,6.668228248417403,6.368187186350492,2.70805020110221
353,1475,3,0,0,9,1,0,0,0,0,1,0.23915989159891599,0.0,0.3,0.5,5.869296913133774,7.297091005160418,1.3862943611198906
3544,3197,148,73,9,19,1,1,1,1,0,0,1.1081926203877424,0.0231311706629055,7.4,1.1,8.173293438966228,8.0702808933939,5.003946305945459
1115,591,10,48,13,88,1,1,0,1,0,0,1.883445945945946,0.05465949820788531,0.11235955056179775,1.1,7.017506142941256,6.3835066348840055,2.3978952727983707
3201,3212,143,116,16,69,1,1,1,1,0,0,0.996265172735761,0.04122423485321674,2.0428571428571427,1.1,8.07153089355666,8.074960359115858,4.969813299576001
33,196,95,4,0,13,1,1,1,1,0,0,0.16751269035532995,0.11764705882352941,6.785714285714286,1.1,3.5263605246161616,5.2832037287379885,4.564348191467836
5385,2419,289,391,179,60,1,0,1,1,0,0,2.225206611570248,0.1058299294467137,4.737704918032787,0.8,8.591558273371545,7.791522819150732,5.66988092298052
172268,1447,38,471,9,6,1,0,0,1,0,1,118.9696132596685,0.002786339968305383,5.428571428571429,0.8,12.056812487582329,7.277938572945661,3.6635616461296463
12549,7500,85,1453,257,83,1,1,1,1,0,0,1.6729769364084788,0.1362549800796813,1.0119047619047619,1.1,9.43747594455993,8.922791623969637,4.454347296253507
3700,560,13,30,7,21,1,0,1,0,0,0,6.595365418894831,0.009997298027560119,0.5909090909090909,0.8,8.216358332386156,6.329720905522696,2.6390573296152584
952,1056,11,18,4,46,0,1,1,0,0,0,0.9006622516556292,0.023084994753410283,0.23404255319148937,0.8,6.859614903654202,6.963189985870238,2.4849066497880004
402,533,15,32,12,72,1,1,0,1,0,0,0.7528089887640449,0.10918114143920596,0.2054794520547945,1.1,5.998936561946683,6.280395838960195,2.772588722239781
1416,2158,24,114,29,61,1,0,0,1,0,0,0.6558591940713293,0.10091743119266056,0.3870967741935484,0.8,7.256297239690681,7.677400430514807,3.2188758248682006
1293,1362,10,30,9,50,1,0,1,0,0,0,0.9486426999266324,0.030139103554868624,0.19607843137254902,0.8,7.165493475060845,7.217443431696533,2.3978952727983707
169,1740,2,2,0,3,0,0,0,1,1,1,0.09707064905226881,0.011764705882352941,0.5,0.0,5.135798437050262,7.462214939768189,1.0986122886681098
822,566,3,63,13,64,1,0,1,1,0,0,1.4497354497354498,0.09234507897934387,0.046153846153846156,0.5,6.71295620067707,6.340359303727752,1.3862943611198906
39,10,11,2,0,92,0,1,1,0,0,0,3.5454545454545454,0.05,0.11827956989247312,0.8,3.6888794541139363,2.3978952727983707,2.4849066497880004
2157,1087,4,33,5,48,0,0,1,0,0,0,1.9825367647058822,0.017608897126969416,0.08163265306122448,0.2,7.67693714581808,6.992096427415888,1.6094379124341003
165,5555,1,3,0,4,0,1,0,1,1,1,0.029697624190064796,0.018072289156626505,0.2,0.3,5.111987788356544,8.622633703874234,0.6931471805599453
144,931,5,0,0,12,1,1,0,0,1,1,0.15450643776824036,0.0,0.38461538461538464,0.6,4.976733742420574,6.837332814685591,1.791759469228055
368,368,97,35,1,29,1,1,0,0,0,0,0.997289972899729,0.0975609756097561,3.2333333333333334,1.1,5.910796644040527,5.910796644040527,4.584967478670572
198520,1013,21,478,9,11,1,1,0,0,1,1,195.77909270216963,0.0024531409775288256,1.75,0.8999999999999999,12.198650166964532,6.921658184151129,3.091042453358316
69,7257,2,3,0,3,1,1,0,0,1,1,0.00950675117112152,0.04285714285714286,0.5,0.6,4.248495242049359,8.889859587773016,1.0986122886681098
622,530,16,17,15,77,0,0,0,0,0,0,1.1713747645951036,0.051364365971107544,0.20512820512820512,0.5,6.434546518787453,6.274762021241939,2.833213344056216
141067,1452,5,74,1,3,1,0,0,1,1,1,97.08671713695801,0.0005316584909405393,1.25,0.3,11.85699732260929,7.2813856635702825,1.791759469228055
3971,1349,9,357,85,7,1,1,0,0,0,0,2.9414814814814814,0.11127895266868076,1.125,1.1,8.287025025165063,7.2078598714324755,2.302585092994046
94,3410,0,1,0,1,0,1,0,1,1,1,0.02755790090882439,0.010526315789473684,0.0,0.3,4.553876891600541,8.134760782418645,0.0
98,544,4,0,0,3,1,0,1,0,1,1,0.1798165137614679,0.0,1.0,0.3,4.59511985013459,6.300785794663244,1.6094379124341003
105,6232,3,2,0,5,0,0,0,1,1,1,0.016845820632119365,0.018867924528301886,0.5,0.0,4.663439094112067,8.73761303680885,1.3862943611198906
22827,1080,15,55,1,4,0,0,0,0,0,1,21.116558741905642,0.0024531277378657787,3.0,0.5,10.035743131656599,6.985641817639208,2.772588722239781
3160,3554,48,89,88,57,1,0,0,1,1,0,0.8888888888888888,0.055994938310661185,0.8275862068965517,0.6,8.058643712215618,8.176110342237342,3.8918202981106265
6369,5384,55,222,174,41,1,1,1,1,0,0,1.1827298050139277,0.06216640502354788,1.3095238095238095,1.1,8.759354748566208,8.591372589590488,4.02535169073515
1444,1913,77,145,8,82,0,1,1,1,0,0,0.754440961337513,0.10588235294117647,0.927710843373494,0.8,7.275864600546533,7.5569505720129,4.356708826689592
321,5303,13,0,0,6,1,1,0,1,1,1,0.060520361990950226,0.0,1.8571428571428572,0.8999999999999999,5.7745515455444085,8.576216531865699,2.6390573296152584
3504,5488,5,109,127,33,1,1,0,1,1,0,0.6383676443796684,0.0673323823109843,0.14705882352941177,0.6,8.16194579946869,8.610501368549889,1.791759469228055
188484,1127,18,110,2,12,1,1,0,1,1,1,167.09574468085106,0.0005942117409873464,1.3846153846153846,0.8999999999999999,12.14677370710708,7.028201432058005,2.9444389791664403
100,158,51,4,2,16,1,1,0,0,0,0,0.6289308176100629,0.0594059405940594,3.0,1.1,4.61512051684126,5.0689042022202315,3.9512437185814275
239,412,37,18,6,45,1,1,0,0,1,0,0.5786924939467313,0.1,0.8043478260869565,0.8999999999999999,5.480638923341991,6.023447592961033,3.6375861597263857
2096,1015,8,37,1,47,0,1,1,0,0,0,2.062992125984252,0.018121125417262757,0.16666666666666666,0.8,7.64826303090192,6.923628628138427,2.1972245773362196
16844,7500,25,1930,377,6,0,1,1,1,0,0,2.2455672576989736,0.1369545859305432,3.5714285714285716,0.8,9.731809155840653,8.922791623969637,3.258096538021482
2093,2687,123,176,55,92,1,0,0,0,0,0,0.7786458333333334,0.11031518624641834,1.3225806451612903,0.8,7.646831391430482,7.89655270164304,4.820281565605037
187,466,2,0,0,8,1,1,1,0,0,1,0.4004282655246253,0.0,0.2222222222222222,0.8,5.236441962829949,6.1463292576688975,1.0986122886681098
224,795,7,0,0,22,0,0,0,0,0,1,0.2814070351758794,0.0,0.30434782608695654,0.5,5.41610040220442,6.679599185844383,2.0794415416798357
15,1746,3,4,0,5,1,0,0,1,1,1,0.008586147681740127,0.25,0.5,0.3,2.772588722239781,7.465655310134056,1.3862943611198906
133,4222,2,1,0,1,0,0,0,1,1,1,0.03149419843713,0.007462686567164179,1.0,0.0,4.897839799950911,8.348301054933943,1.0986122886681098
2540,1809,306,293,25,27,1,1,0,0,0,0,1.4033149171270718,0.12514757969303425,10.928571428571429,1.1,7.840312983320164,7.501082124259871,5.726847747587197
133,435,42,12,5,15,1,1,1,0,1,0,0.30504587155963303,0.12686567164179105,2.625,0.8999999999999999,4.897839799950911,6.077642243349034,3.7612001156935624
1211,792,67,101,30,66,1,1,0,1,1,0,1.5271122320302648,0.10808580858085809,1.0,0.8999999999999999,7.10002716662926,6.675823221634848,4.219507705176107
916,285,70,44,30,33,0,1,1,0,0,0,3.202797202797203,0.0806979280261723,2.0588235294117645,0.8,6.821107472256465,5.655991810819852,4.2626798770413155
3185,134,7,9,4,59,0,1,1,0,1,0,23.59259259259259,0.004080351537978657,0.11666666666666667,0.6,8.066521490469993,4.90527477843843,2.0794415416798357
178,128,117,11,0,87,1,1,1,0,0,0,1.37984496124031,0.061452513966480445,1.3295454545454546,1.1,5.187385805840755,4.859812404361672,4.770684624465665
2686,159,8,15,3,6,0,0,1,0,1,0,16.7875,0.006698920729438035,1.1428571428571428,0.3,7.8961806086154915,5.075173815233827,2.1972245773362196
266,727,0,0,0,16,1,1,0,0,1,1,0.36538461538461536,0.0,0.0,0.6,5.58724865840025,6.590301048196686,0.0
3878,1158,5,41,3,16,1,0,1,0,0,0,3.345987920621225,0.01134312967259603,0.29411764705882354,0.5,8.263332667439967,7.055312843339752,1.791759469228055
161,6606,2,4,0,1,1,0,0,1,1,1,0.024368094445285305,0.024691358024691357,1.0,0.3,5.087596335232384,8.795884972029885,1.0986122886681098
3355,2969,20,236,95,11,0,1,0,0,0,0,1.1296296296296295,0.09862932061978547,1.6666666666666667,0.8,8.118505067587098,7.996317231796746,3.044522437723423
582400,1176,14,1544,30,6,1,1,0,0,1,1,494.8173322005098,0.00270260524964758,2.0,0.8999999999999999,13.274914492896107,7.0707241072602764,2.70805020110221
152689,633,15,418,8,20,1,1,0,1,1,1,240.83438485804416,0.0027899665989914203,0.7142857142857143,0.8999999999999999,11.936165001177557,6.452048954437226,2.772588722239781
3030,2320,20,160,13,50,1,1,1,1,0,0,1.3054717794054287,0.05707687231936655,0.39215686274509803,1.1,8.016647877057803,7.749753406274437,3.044522437723423
419,3554,13,0,0,5,0,0,0,0,1,1,0.11786216596343178,0.0,2.1666666666666665,0.3,6.040254711277414,8.176110342237342,2.6390573296152584
63481,1115,13,146,2,32,1,1,0,1,0,1,56.882616487455195,0.002331369522069248,0.3939393939393939,1.1,11.058511680130179,7.017506142941256,2.6390573296152584
59,177,40,4,0,6,1,0,1,0,0,0,0.33146067415730335,0.06666666666666667,5.714285714285714,0.8,4.0943445622221,5.181783550292085,3.713572066704308
2713,809,12,46,2,23,1,0,1,0,0,0,3.3493827160493828,0.017686072218128224,0.5,0.8,7.906178840394815,6.697034247666484,2.5649493574615367
2923,852,4,267,11,51,1,0,0,0,0,0,3.4267291910902697,0.09507523939808482,0.07692307692307693,0.5,7.980707820869669,6.748759547491679,1.6094379124341003
4112,4902,22,357,15,67,1,0,0,1,1,0,0.8386702019171935,0.09044493070751276,0.3235294117647059,0.6,8.321907968230423,8.497602541651233,3.1354942159291497
2617,1262,2,37,8,35,1,1,1,0,0,0,2.072050673000792,0.017188693659281894,0.05555555555555555,0.8,7.870165946469845,7.141245122350491,1.0986122886681098
3774,335,3,17,2,30,1,1,1,0,1,0,11.232142857142858,0.005033112582781457,0.0967741935483871,0.6,8.236155661683124,5.817111159963204,1.3862943611198906
2937,874,5,24,8,38,0,1,1,0,0,0,3.3565714285714288,0.010891763104152484,0.1282051282051282,0.5,7.9854843567338225,6.774223886357614,1.791759469228055
163,2948,1,2,0,3,1,0,0,1,0,1,0.055272973889454055,0.012195121951219513,0.25,0.5,5.099866427824199,7.989221408815276,0.6931471805599453
3547,2147,37,328,118,86,1,0,1,1,0,0,1.6513035381750465,0.12570462232243518,0.42528735632183906,0.8,8.17413934342947,7.672292455628756,3.6375861597263857
597,1409,9,19,3,9,1,1,1,0,0,0,0.42340425531914894,0.03678929765886288,0.9,1.1,6.393590753950631,7.251344983372214,2.302585092994046
180,1556,12,0,0,6,1,0,0,1,1,1,0.11560693641618497,0.0,1.7142857142857142,0.6,5.198497031265826,7.350516171833998,2.5649493574615367
56,313,92,5,0,30,1,1,1,1,0,0,0.17834394904458598,0.08771929824561403,2.967741935483871,1.1,4.04305126783455,5.749392985908253,4.532599493153256
291,1257,10,15,3,47,0,1,1,0,0,0,0.2313195548489666,0.06164383561643835,0.20833333333333334,0.8,5.676753802268282,7.1372784372603855,2.3978952727983707
743,898,17,49,6,31,0,1,1,0,0,0,0.8264738598442715,0.0739247311827957,0.53125,0.8,6.612041034833092,6.80128303447162,2.8903717578961645
1765,400,19,23,0,42,0,1,1,0,1,0,4.401496259351621,0.013023782559456399,0.4418604651162791,0.6,7.476472381163905,5.993961427306569,2.995732273553991
3108,4181,225,177,58,50,1,1,1,0,0,0,0.7431850789096126,0.07558700546799614,4.411764705882353,1.1,8.042056410058754,8.338544879988579,5.420534999272286
95,1698,12,0,0,6,1,1,0,0,1,1,0.055915244261330196,0.0,1.7142857142857142,0.8999999999999999,4.564348191467836,7.4377951216719325,2.5649493574615367
160,6058,3,4,0,1,0,1,0,0,0,1,0.026406997854431423,0.024844720496894408,1.5,0.5,5.081404364984463,8.70930004894499,1.3862943611198906
66,885,5,0,0,19,1,1,0,0,1,1,0.0744920993227991,0.0,0.25,0.6,4.204692619390966,6.786716950605081,1.791759469228055
262,50,22,4,3,56,1,1,0,1,1,0,5.137254901960785,0.026615969581749048,0.38596491228070173,0.8999999999999999,5.572154032177765,3.9318256327243257,3.1354942159291497
293,359,73,34,7,46,1,1,0,0,0,0,0.8138888888888889,0.13945578231292516,1.553191489361702,1.1,5.683579767338681,5.886104031450156,4.30406509320417
294,2389,18,0,0,7,0,1,0,0,1,1,0.12301255230125523,0.0,2.25,0.6,5.68697535633982,7.779048644925556,2.9444389791664403
3210,542,19,20,3,16,0,1,1,0,0,0,5.911602209944752,0.0071628776082217375,1.1176470588235294,0.8,8.074337694089515,6.297109319933935,2.995732273553991
449032,290,23,234,4,3,1,1,0,1,0,1,1543.06529209622,0.0005300278598677603,5.75,1.1,13.014851660682886,5.673323267171493,3.1780538303479458
124,69,192,10,4,68,1,1,0,0,0,0,1.7714285714285714,0.112,2.782608695652174,1.1,4.8283137373023015,4.248495242049359,5.262690188904886
536,615,60,16,19,93,1,1,1,0,0,0,0.8701298701298701,0.06517690875232775,0.6382978723404256,1.1,6.285998094508865,6.423246963533519,4.110873864173311
1449,222,19,5,2,47,1,0,1,0,1,0,6.497757847533633,0.004827586206896552,0.3958333333333333,0.6,7.27931883541462,5.407171771460119,2.995732273553991
335,223,4,7,3,75,1,1,0,0,0,0,1.4955357142857142,0.02976190476190476,0.05263157894736842,0.8,5.817111159963204,5.4116460518550396,1.6094379124341003
220,869,5,0,0,22,0,1,0,0,0,1,0.25287356321839083,0.0,0.21739130434782608,0.5,5.3981627015177525,6.76849321164863,1.791759469228055
261,310,16,15,8,71,1,1,0,1,0,0,0.8392282958199357,0.08778625954198473,0.2222222222222222,1.1,5.568344503761097,5.739792912179234,2.833213344056216
76,444,53,2,1,77,1,1,0,1,0,0,0.1707865168539326,0.03896103896103896,0.6794871794871795,1.1,4.343805421853684,6.09807428216624,3.9889840465642745
238,4138,2,3,0,1,1,0,0,1,1,1,0.05750181203189176,0.012552301255230125,1.0,0.3,5.476463551931511,8.328209491748732,1.0986122886681098
140,74,5,16,4,35,1,1,1,1,1,0,1.8666666666666667,0.14184397163120568,0.1388888888888889,0.6,4.948759890378168,4.31748811353631,1.791759469228055
34,144,28,4,1,28,1,1,1,1,0,0,0.23448275862068965,0.14285714285714285,0.9655172413793104,1.1,3.5553480614894135,4.976733742420574,3.367295829986474
6935,1768,10,729,75,90,1,1,0,0,0,0,3.9202939513849633,0.11591695501730104,0.10989010989010989,1.1,8.844480518460378,7.478169694159785,2.3978952727983707
54,404,24,3,0,14,1,1,1,1,0,0,0.13333333333333333,0.05454545454545454,1.6,1.1,4.007333185232471,6.003887067106539,3.2188758248682006
40,10,12,1,0,43,1,0,0,1,0,0,3.6363636363636362,0.024390243902439025,0.2727272727272727,0.8,3.713572066704308,2.3978952727983707,2.5649493574615367
4198,3550,10,184,144,22,0,1,0,0,0,0,1.182202196564348,0.07811383662776851,0.43478260869565216,0.8,8.342601680684194,8.174984532943087,2.3978952727983707
19,7128,2,4,0,2,1,0,0,1,0,1,0.002665170430635433,0.2,0.6666666666666666,0.5,2.995732273553991,8.871926251117628,1.0986122886681098
2629,1302,42,69,20,23,1,1,0,1,0,0,2.0176515732924023,0.03384030418250951,1.75,1.1,7.874739125171811,7.172424577124845,3.7612001156935624
2731,385,2,8,5,33,0,0,1,0,0,0,7.075129533678757,0.004758418740849195,0.058823529411764705,0.2,7.912789220690681,5.955837369464831,1.0986122886681098
337896,833,19,505,10,8,1,0,0,1,1,1,405.15107913669067,0.0015241330938126115,2.111111111111111,0.6,12.730496394296587,6.726233402358747,2.995732273553991
564,437,79,33,3,72,1,1,1,0,0,0,1.2876712328767124,0.06371681415929203,1.082191780821918,1.1,6.336825731146441,6.082218910376446,4.382026634673881
4933,1148,15,26,9,11,0,0,1,0,0,0,4.293298520452567,0.007093635995135792,1.25,0.5,8.503905297089302,7.046647277848756,2.772588722239781
15779,3065,17,749,107,70,1,0,0,0,0,0,5.146444879321591,0.05424588086185044,0.23943661971830985,0.8,9.666498594399865,8.028129059431759,2.8903717578961645
1412,114,14,49,7,31,0,1,1,0,1,0,12.278260869565218,0.039631988676574664,0.4375,0.6,7.253470382684528,4.74493212836325,2.70805020110221
3999,550,19,18,2,26,1,0,1,0,1,0,7.257713248638838,0.005,0.7037037037037037,0.6,8.294049640102028,6.311734809152915,2.995732273553991
151,4030,3,2,0,0,1,1,0,1,1,1,0.03745968742247581,0.013157894736842105,3.0,0.6,5.0238805208462765,8.301769763117166,1.3862943611198906
508,132,66,51,5,36,0,0,1,0,0,0,3.819548872180451,0.1100196463654224,1.7837837837837838,0.5,6.2324480165505225,4.890349128221754,4.204692619390966
453,570,28,40,12,20,1,0,1,0,0,0,0.7933450087565674,0.1145374449339207,1.3333333333333333,0.8,6.118097198041348,6.3473892096560105,3.367295829986474
42,435,4,3,1,59,1,1,0,1,1,0,0.0963302752293578,0.09302325581395349,0.06666666666666667,0.6,3.7612001156935624,6.077642243349034,1.6094379124341003
1880,444,4,13,6,21,0,1,1,0,0,0,4.224719101123595,0.010101010101010102,0.18181818181818182,0.5,7.53955882930103,6.09807428216624,1.6094379124341003
2728,179,2,25,4,17,1,1,1,0,0,0,15.155555555555555,0.010626603151337486,0.1111111111111111,0.8,7.911690520708339,5.19295685089021,1.0986122886681098
4340,649,0,31,7,20,0,0,1,0,1,0,6.676923076923077,0.00875374337710205,0.0,0.0,8.375860015299594,6.476972362889683,0.0
236,148,24,10,1,78,1,1,0,0,0,0,1.5838926174496644,0.046413502109704644,0.3037974683544304,1.1,5.4680601411351315,5.003946305945459,3.2188758248682006
10,10,140,0,0,52,0,1,1,1,1,0,0.9090909090909091,0.0,2.641509433962264,0.6,2.3978952727983707,2.3978952727983707,4.948759890378168
4976,7369,33,350,188,56,1,0,1,0,0,0,0.67516960651289,0.10809724733775367,0.5789473684210527,0.8,8.512582578858554,8.905172985183382,3.5263605246161616
3396,1768,23,309,44,49,1,1,0,0,1,0,1.9197286602600339,0.10391521931115691,0.46,0.8999999999999999,8.130647968160584,7.478169694159785,3.1780538303479458
113,2260,3,4,0,0,0,1,0,1,1,1,0.04997788589119859,0.03508771929824561,3.0,0.3,4.736198448394496,7.72356247227797,1.3862943611198906
202,6883,3,0,0,3,0,0,0,1,1,1,0.029343404997094712,0.0,0.75,0.0,5.313205979041787,8.83695515733143,1.3862943611198906
142,7264,3,0,0,2,1,0,0,1,1,1,0.019545767377838953,0.0,1.0,0.3,4.962844630259907,8.890823576004383,1.3862943611198906
142,6818,0,4,0,4,0,1,0,1,1,1,0.020824167766534684,0.027972027972027972,0.0,0.3,4.962844630259907,8.827468112520654,0.0
711,771,8,80,2,31,1,1,1,0,0,0,0.9209844559585493,0.1151685393258427,0.25,1.1,6.568077911411976,6.648984550024776,2.1972245773362196
1762,301,14,11,0,34,1,0,1,0,0,0,5.8344370860927155,0.006239364719228588,0.4,0.8,7.47477218239787,5.71042701737487,2.70805020110221
354248,1371,7,420,8,3,1,1,0,0,0,1,258.198250728863,0.0012081897196604648,1.75,1.1,12.777755334683734,7.22402480828583,2.0794415416798357
1575,1019,47,156,45,52,1,1,0,0,1,0,1.5441176470588236,0.12753807106598986,0.8867924528301887,0.8999999999999999,7.362645270417825,6.927557906278317,3.871201010907891
148,3669,2,3,0,1,1,0,0,1,0,1,0.040326975476839236,0.020134228187919462,1.0,0.5,5.003946305945459,8.207946941048617,1.0986122886681098
23,1641,7,0,0,9,1,0,0,1,1,1,0.014007308160779537,0.0,0.7,0.6,3.1780538303479458,7.403670290012373,2.0794415416798357
7393,2538,31,491,138,64,1,1,0,0,1,0,2.9117762898779045,0.08506897484446849,0.47692307692307695,0.8999999999999999,8.908424139496578,7.839525581704678,3.4657359027997265
43,3886,0,0,0,0,1,1,0,1,0,1,0.011062516079238487,0.0,0.0,0.8,3.784189633918261,8.265392930852224,0.0
210,107,64,29,5,14,1,1,0,1,0,0,1.9444444444444444,0.16113744075829384,4.266666666666667,1.1,5.351858133476067,4.68213122712422,4.174387269895637
734,626,11,87,13,62,1,1,1,1,1,0,1.1706539074960127,0.1360544217687075,0.1746031746031746,0.8999999999999999,6.5998704992128365,6.440946540632921,2.4849066497880004
84,278,90,8,2,21,1,1,0,0,0,0,0.3010752688172043,0.11764705882352941,4.090909090909091,1.1,4.442651256490317,5.631211781821365,4.51085950651685
751,454,18,35,11,15,0,1,1,1,0,0,1.6505494505494505,0.061170212765957445,1.125,0.8,6.62273632394984,6.12029741895095,2.9444389791664403
1533,893,21,22,4,92,1,1,1,0,0,0,1.7147651006711409,0.01694915254237288,0.22580645161290322,1.1,7.335633981927201,6.795705775173514,3.091042453358316
978,556,3,80,26,36,1,1,1,0,0,0,1.755834829443447,0.10827374872318693,0.08108108108108109,0.8,6.88653164253051,6.322565239927284,1.3862943611198906
8321,7500,6,225,70,92,0,1,0,0,0,0,1.1093187574990002,0.03544820956500841,0.06451612903225806,0.8,9.026657889542886,8.922791623969637,1.9459101490553132
14,10,21,1,0,91,1,1,0,0,1,0,1.2727272727272727,0.06666666666666667,0.22826086956521738,0.8999999999999999,2.70805020110221,2.3978952727983707,3.091042453358316
2487,504,101,133,33,33,1,1,0,0,0,0,4.924752475247525,0.06672025723472669,2.9705882352941178,1.1,7.81923445385907,6.22455842927536,4.624972813284271
163,6827,2,1,0,0,0,0,0,1,1,1,0.02387229056824839,0.006097560975609756,2.0,0.0,5.099866427824199,8.828787083914332,1.0986122886681098
1658,709,142,76,40,84,1,1,0,0,0,0,2.335211267605634,0.0699216395418927,1.6705882352941177,1.1,7.413970290190444,6.565264970035361,4.962844630259907
3490,710,3,41,4,50,0,1,1,0,0,0,4.908579465541491,0.012890289315382412,0.058823529411764705,0.5,8.157943507105037,6.566672429803241,1.3862943611198906
3379,1361,19,38,9,17,0,0,1,0,1,0,2.4809104258443466,0.013905325443786982,1.0555555555555556,0.3,8.125630988477065,7.216709486709457,2.995732273553991
3664,4667,13,145,108,52,1,1,0,1,0,0,0.7849185946872322,0.06903137789904502,0.24528301886792453,1.1,8.206583614320753,8.448485993406447,2.6390573296152584
229,811,19,18,8,43,1,0,1,0,1,0,0.28201970443349755,0.11304347826086956,0.4318181818181818,0.6,5.438079308923196,6.699500340161678,2.995732273553991
216,5431,9,0,0,3,0,1,0,1,0,1,0.039764359351988215,0.0,2.25,0.8,5.37989735354046,8.600062669238532,2.302585092994046
290,668,109,16,3,74,1,0,0,1,0,0,0.4334828101644245,0.06529209621993128,1.4533333333333334,0.8,5.673323267171493,6.505784060128229,4.700480365792417
21,1166,1,1,0,5,1,1,0,0,0,1,0.017994858611825194,0.045454545454545456,0.16666666666666666,0.8,3.091042453358316,7.062191632286556,0.6931471805599453
120,10,32,3,4,37,1,1,1,1,0,0,10.909090909090908,0.05785123966942149,0.8421052631578947,1.1,4.795790545596741,2.3978952727983707,3.4965075614664802
1659,1509,34,44,19,59,1,1,1,0,1,0,1.0986754966887418,0.03795180722891566,0.5666666666666667,0.8999999999999999,7.414572881350589,7.31986492980897,3.5553480614894135
192,7299,1,0,0,5,0,0,0,0,1,1,0.0263013698630137,0.0,0.16666666666666666,0.0,5.262690188904886,8.895629627136483,0.6931471805599453
4950,1102,8,8,6,16,0,0,1,0,0,0,4.487760652765186,0.002827711573419511,0.47058823529411764,0.5,8.507344855361422,7.005789019253503,2.1972245773362196
340,533,62,8,1,48,0,1,0,0,0,0,0.6367041198501873,0.026392961876832845,1.2653061224489797,0.8,5.831882477283517,6.280395838960195,4.143134726391533
114,2346,0,3,0,5,0,0,0,1,1,1,0.04857264593097571,0.02608695652173913,0.0,0.0,4.74493212836325,7.760893195851024,0.0
514,66,3,9,20,61,1,1,0,1,0,0,7.6716417910447765,0.05631067961165048,0.04838709677419355,0.8,6.244166900663736,4.204692619390966,1.3862943611198906
1143,1230,5,63,23,6,1,1,0,1,0,0,0.9285134037367994,0.07517482517482517,0.7142857142857143,0.8,7.042286171939743,7.115582126184454,1.791759469228055
156,10,5,5,5,25,1,1,1,0,1,0,14.181818181818182,0.06369426751592357,0.19230769230769232,0.6,5.056245805348308,2.3978952727983707,1.791759469228055
3061,3070,45,251,76,8,1,0,0,1,0,0,0.9967437316834907,0.10679294578706727,5.0,0.8,8.026823576217629,8.029758520440822,3.828641396489095
4082,1426,96,131,104,50,0,1,0,0,0,0,2.8605466012613876,0.05755571883419055,1.8823529411764706,0.8,8.314587291319576,7.2633296174768365,4.574710978503383
1018,671,7,9,3,24,1,0,1,0,0,0,1.5148809523809523,0.011776251226692836,0.28,0.8,6.926577033222725,6.51025834052315,2.0794415416798357
117685,783,49,315,6,11,1,1,0,0,0,1,150.10841836734693,0.002727597165338273,4.083333333333333,1.1,11.67577533969959,6.664409020350408,3.912023005428146
176,4743,19,0,0,7,0,0,0,1,1,1,0.03709949409780776,0.0,2.375,0.3,5.176149732573829,8.464635940677562,2.995732273553991
276,185,4,33,8,87,1,1,1,0,0,0,1.4838709677419355,0.148014440433213,0.045454545454545456,0.8,5.6240175061873385,5.225746673713202,1.6094379124341003
4116,2722,41,370,67,13,1,0,0,0,0,0,1.5115681233933163,0.10614525139664804,2.9285714285714284,0.8,8.322880021769905,7.909489492673759,3.7376696182833684
101380,474,7,30,0,8,1,1,0,1,0,1,213.43157894736842,0.0002959134354563478,0.7777777777777778,1.1,11.52664097585617,6.163314804034641,2.0794415416798357
197,462,7,0,0,21,1,1,0,0,0,1,0.42548596112311016,0.0,0.3181818181818182,1.1,5.288267030694535,6.137727054086234,2.0794415416798357
15548,7500,26,700,100,38,1,1,0,0,0,0,2.072790294627383,0.0514502540356293,0.6666666666666666,1.1,9.651751606857816,8.922791623969637,3.295836866004329
1227,736,86,115,6,59,1,1,1,0,1,0,1.6648575305291724,0.0985342019543974,1.4333333333333333,0.8999999999999999,7.113142108707088,6.602587892189336,4.465908118654584
74,216,7,7,1,70,1,0,0,0,1,0,0.34101382488479265,0.10666666666666667,0.09859154929577464,0.6,4.31748811353631,5.37989735354046,2.0794415416798357
85,4066,0,1,0,1,0,1,0,1,1,1,0.020899926235554464,0.011627906976744186,0.0,0.3,4.454347296253507,8.310660905907225,0.0
39988,754,9,42,0,12,1,1,0,1,0,1,52.964238410596025,0.0010502888294280927,0.6923076923076923,1.1,10.59635969527664,6.626717749249025,2.302585092994046
89,154,0,0,0,22,0,0,0,0,0,1,0.5741935483870968,0.0,0.0,0.2,4.499809670330265,5.043425116919247,0.0
474391,1214,30,1415,28,4,1,1,0,1,1,1,390.4452674897119,0.003041788225771092,6.0,0.8999999999999999,13.069789263117055,7.102499355774649,3.4339872044851463
119,7205,0,3,0,5,1,0,0,1,1,1,0.016514016097696364,0.025,0.0,0.3,4.787491742782046,8.882669291308039,0.0
1077,1085,83,50,29,91,1,1,1,0,0,0,0.9917127071823204,0.07328385899814471,0.9021739130434783,1.1,6.982862751468942,6.990256500493881,4.430816798843313
376009,1317,45,699,13,32,1,1,0,0,0,1,285.2875569044006,0.001893566660461158,1.3636363636363635,1.1,12.837371017763052,7.183870715062453,3.828641396489095
368,10,14,21,2,61,1,1,0,1,0,0,33.45454545454545,0.06233062330623306,0.22580645161290322,1.1,5.910796644040527,2.3978952727983707,2.70805020110221
230422,608,48,389,7,21,1,1,0,1,0,1,378.36124794745484,0.0017185784405202606,2.1818181818181817,1.1,12.34767202921044,6.411818267709897,3.8918202981106265
64,5416,0,4,0,1,1,0,0,1,1,1,0.011814657559534798,0.06153846153846154,0.0,0.3,4.174387269895637,8.597297435657898,0.0
297381,752,16,879,17,32,1,0,0,0,1,1,394.9282868525896,0.0030129597621913902,0.48484848484848486,0.6,12.602772786630442,6.6240652277998935,2.833213344056216
450122,907,25,1315,26,27,0,0,0,1,1,1,495.72907488986783,0.00297918568924494,0.8928571428571429,0.3,13.017276157731086,6.811244378601294,3.258096538021482
26486,7500,10,784,567,72,1,1,0,0,0,0,3.530995867217704,0.05100615396232114,0.136986301369863,1.1,10.184409325569693,8.922791623969637,2.3978952727983707
424020,1433,45,123,2,20,1,0,0,0,0,1,295.69037656903765,0.0002947967199737749,2.142857142857143,0.8,12.957538261289496,7.2682230211595655,3.828641396489095
6193,6058,21,563,158,6,1,1,1,0,1,0,1.0221158607030862,0.11640297061672586,3.0,0.8999999999999999,8.731336360533149,8.70930004894499,3.091042453358316
4958,838,129,48,153,56,1,1,1,1,0,0,5.909415971394517,0.04053236539624924,2.263157894736842,1.1,8.508959386489133,6.732210706467206,4.867534450455582
3626,1401,14,15,0,37,1,0,1,0,1,0,2.586305278174037,0.0041356492969396195,0.3684210526315789,0.6,8.196161139282902,7.2456550675945355,2.70805020110221
921,1546,19,99,7,23,1,0,0,0,0,0,0.5953458306399483,0.11496746203904555,0.7916666666666666,0.8,6.826545223556594,7.344072850573066,2.995732273553991
191,3507,3,4,0,0,1,0,0,1,1,1,0.05444697833523375,0.020833333333333332,3.0,0.3,5.2574953720277815,8.162801353492073,1.3862943611198906
2352,993,4,33,8,56,0,1,1,0,0,0,2.3661971830985915,0.017424564385890354,0.07017543859649122,0.5,7.763446388727362,6.901737206656574,1.6094379124341003
154,5075,1,3,0,3,0,0,0,0,0,1,0.030338849487785657,0.01935483870967742,0.25,0.2,5.043425116919247,8.532278828834277,0.6931471805599453
3459,784,7,12,3,24,0,0,1,0,0,0,4.406369426751592,0.004335260115606936,0.28,0.5,8.14902386805177,6.665683717782408,2.0794415416798357
28675,7500,46,1090,468,6,0,1,1,1,1,0,3.8228236235168644,0.054331147998326126,6.571428571428571,0.6,10.263815814972762,8.922791623969637,3.8501476017100584
82,4018,0,0,0,1,0,1,0,1,0,1,0.02040308534461309,0.0,0.0,0.5,4.418840607796598,8.2987883944492,0.0
247005,734,23,268,5,30,1,1,0,0,0,1,336.0612244897959,0.0011052363100491486,0.7419354838709677,1.1,12.417167906813056,6.5998704992128365,3.1780538303479458
17,3334,2,1,0,4,1,1,0,1,1,1,0.005097451274362818,0.05555555555555555,0.4,0.6,2.8903717578961645,8.112227958349724,1.0986122886681098
314,558,107,15,5,62,1,1,0,1,0,0,0.5617173524150268,0.06349206349206349,1.6984126984126984,1.1,5.752572638825633,6.326149473155099,4.68213122712422
4395,210,13,7,7,14,0,0,1,0,0,0,20.829383886255926,0.0031847133757961785,0.8666666666666667,0.5,8.388450315523512,5.351858133476067,2.6390573296152584
299,6798,11,0,0,0,0,0,0,1,1,1,0.04397705544933078,0.0,11.0,0.3,5.703782474656201,8.82453082152646,2.4849066497880004
674,608,45,33,2,76,1,1,0,0,0,0,1.1067323481116584,0.05185185185185185,0.5844155844155844,1.1,6.51471269087253,6.411818267709897,3.828641396489095
0,7469,0,3,0,1,1,1,0,1,1,1,0.0,3.0,0.0,0.6,0.0,8.918650278126863,0.0
2249,1225,7,26,9,6,0,1,1,0,0,0,1.83442088091354,0.015555555555555555,1.0,0.8,7.718685495198466,7.111512116496157,2.0794415416798357
156,6274,1,1,0,4,0,1,0,1,0,1,0.0248605577689243,0.006369426751592357,0.2,0.5,5.056245805348308,8.744328763999984,0.6931471805599453
299,4317,16,0,0,8,1,0,0,1,1,1,0.06924502084298287,0.0,1.7777777777777777,0.6,5.703782474656201,8.370547611074752,2.833213344056216
14919,7500,20,1035,346,55,1,0,0,1,1,0,1.9889348086921743,0.0925603217158177,0.35714285714285715,0.6,9.610457873757753,8.922791623969637,3.044522437723423
375,4808,12,0,0,3,0,0,0,1,1,1,0.07797878976918278,0.0,3.0,0.3,5.929589143389895,8.478244441277663,2.5649493574615367
1983,128,32,136,35,17,1,1,0,0,0,0,15.372093023255815,0.08618951612903226,1.7777777777777777,1.1,7.592870287844818,4.859812404361672,3.4965075614664802
12,2855,2,2,0,1,0,0,0,1,1,1,0.004201680672268907,0.15384615384615385,1.0,0.0,2.5649493574615367,7.957177323459475,1.0986122886681098
180,10,4,9,6,86,1,0,1,1,0,0,16.363636363636363,0.08287292817679558,0.04597701149425287,0.5,5.198497031265826,2.3978952727983707,1.6094379124341003
2133,1409,0,27,8,37,0,1,1,0,0,0,1.5127659574468084,0.01640112464854733,0.0,0.5,7.665753431861699,7.251344983372214,0.0
441,544,49,13,14,27,0,1,1,0,0,0,0.8091743119266055,0.06108597285067873,1.75,0.8,6.091309882077698,6.300785794663244,3.912023005428146
333,2542,0,0,0,7,0,0,0,1,1,1,0.13094769956744004,0.0,0.0,0.0,5.811140992976701,7.841099765422119,0.0
1767,494,11,33,2,53,1,1,1,0,0,0,3.56969696969697,0.019796380090497737,0.2037037037037037,1.1,7.477604243197589,6.20455776256869,2.4849066497880004
1162,251,4,37,6,38,0,0,1,0,1,0,4.611111111111111,0.03697334479793637,0.10256410256410256,0.0,7.0587581525186645,5.529429087511423,1.6094379124341003
27,6940,3,4,0,5,0,0,0,1,1,1,0.0038899294049848723,0.14285714285714285,0.5,0.0,3.332204510175204,8.845201135339584,1.3862943611198906
13,6012,4,4,0,4,0,0,0,1,1,1,0.002161982371528355,0.2857142857142857,0.8,0.0,2.6390573296152584,8.70167907103957,1.6094379124341003
558,589,205,37,19,25,1,1,0,0,1,0,0.9457627118644067,0.1001788908765653,7.884615384615385,0.8999999999999999,6.326149473155099,6.380122536899765,5.327876168789581
107438,264,18,136,2,25,1,1,0,1,1,1,405.42641509433963,0.0012844497808058527,0.6923076923076923,0.8999999999999999,11.584678523633327,5.579729825986222,2.9444389791664403
4837,1249,4,10,1,16,1,0,1,0,1,0,3.8696,0.0022736668044646548,0.23529411764705882,0.3,8.484256691169973,7.1308988302963465,1.6094379124341003
159,2146,15,0,0,4,0,0,0,1,1,1,0.07405682347461574,0.0,3.0,0.3,5.075173815233827,7.671826797878781,2.772588722239781
163,789,1,0,0,12,1,1,1,0,1,1,0.20632911392405062,0.0,0.07692307692307693,0.6,5.099866427824199,6.672032945461067,0.6931471805599453
2643,1089,4,23,7,23,0,0,1,0,0,0,2.424770642201835,0.0113464447806354,0.16666666666666666,0.2,7.880048200971577,6.993932975223189,1.6094379124341003
2879,4264,45,148,43,88,1,1,1,0,0,0,0.6750293083235639,0.06631944444444444,0.5056179775280899,1.1,7.965545573129992,8.35819745992578,3.828641396489095
818,1118,98,60,28,87,1,1,1,1,1,0,0.7310098302055407,0.10744810744810745,1.1136363636363635,0.8999999999999999,6.70808408385307,7.020190708311925,4.59511985013459
26,3481,11,0,0,10,1,1,0,0,1,1,0.007466973004020678,0.0,1.0,0.8999999999999999,3.295836866004329,8.155362120328135,2.4849066497880004
9232,7500,72,735,119,70,1,1,1,0,0,0,1.2307692307692308,0.09249431387414708,1.0140845070422535,1.1,9.130539301772627,8.922791623969637,4.290459441148391
2949,3943,27,84,21,82,1,1,1,0,0,0,0.7477180527383367,0.03559322033898305,0.3253012048192771,1.1,7.989560449333865,8.279950715722526,3.332204510175204
5355,4987,317,332,97,37,1,0,0,1,0,0,1.0735765838011226,0.08009708737864078,8.342105263157896,0.8,8.585972706811063,8.514790306799927,5.762051382780177
672,144,138,9,15,10,1,1,1,0,0,0,4.63448275862069,0.03566121842496285,12.545454545454545,1.1,6.511745329644728,4.976733742420574,4.9344739331306915
33,4077,3,0,0,4,1,0,0,1,0,1,0.008092202059833251,0.0,0.6,0.5,3.5263605246161616,8.3133619511344,1.3862943611198906
301096,1103,8,645,12,7,0,1,0,0,1,1,272.731884057971,0.0021820210762644597,1.0,0.6,12.615187750952902,7.00669522683704,2.1972245773362196
4745,2760,50,183,55,89,1,0,1,0,0,0,1.7185802245563202,0.05014749262536873,0.5555555555555556,0.8,8.465057436995709,7.923348211930154,3.9318256327243257
107,1443,2,0,0,2,0,1,0,1,1,1,0.07409972299168975,0.0,0.6666666666666666,0.3,4.68213122712422,7.275172319452771,1.0986122886681098
513,237,20,15,16,12,1,1,0,0,0,0,2.1554621848739495,0.06031128404669261,1.5384615384615385,1.1,6.2422232654551655,5.472270673671475,3.044522437723423
2759,490,6,29,3,38,0,1,1,0,0,0,5.619144602851324,0.011594202898550725,0.15384615384615385,0.8,7.9229859587111955,6.19644412779452,1.9459101490553132
128,2142,3,3,0,4,0,0,0,1,1,1,0.059729351376574896,0.023255813953488372,0.6,0.0,4.859812404361672,7.669961995473577,1.3862943611198906
115,518,1,0,0,18,1,0,1,0,1,1,0.22157996146435452,0.0,0.05263157894736842,0.3,4.7535901911063645,6.251903883165888,0.6931471805599453
125,5176,4,1,0,5,0,1,0,1,1,1,0.024145257871354065,0.007936507936507936,0.6666666666666666,0.3,4.836281906951478,8.551981016901902,1.6094379124341003
1076,907,36,36,40,62,1,1,0,0,0,0,1.1850220264317182,0.07056638811513463,0.5714285714285714,1.1,6.981934677156389,6.811244378601294,3.6109179126442243
696,1013,10,68,3,65,1,1,0,0,0,0,0.6863905325443787,0.10186513629842181,0.15151515151515152,1.1,6.546785410760524,6.921658184151129,2.3978952727983707
8588,3415,4,854,180,45,1,1,1,1,1,0,2.5140515222482436,0.12038654092443823,0.08695652173913043,0.6,9.058237593766226,8.13622555490846,1.6094379124341003
75,2624,0,1,0,3,0,0,0,0,1,1,0.02857142857142857,0.013157894736842105,0.0,0.0,4.330733340286331,7.872836175025724,0.0
293967,1091,30,590,11,8,0,1,0,1,1,1,269.20054945054943,0.0020444402111794483,3.3333333333333335,0.6,12.591226196859516,6.9957661563048505,3.4339872044851463
456,1412,10,26,0,39,1,1,1,0,0,0,0.3227176220806794,0.05689277899343545,0.25,1.1,6.124683390894205,7.253470382684528,2.3978952727983707
3258,476,9,12,5,26,0,1,1,0,0,0,6.830188679245283,0.005216324025774778,0.3333333333333333,0.8,8.089175678837561,6.1675164908883415,2.302585092994046
426021,1191,18,980,19,17,1,1,0,0,0,1,357.4001677852349,0.0023449493218660068,1.0,1.1,12.962246267110531,7.083387847625295,2.9444389791664403
3153,1474,1,37,0,32,1,1,1,0,0,0,2.1376271186440676,0.011731135066582118,0.030303030303030304,0.8,8.056426767522984,7.29641326877392,0.6931471805599453
230,72,3,24,8,93,1,1,1,1,1,0,3.1506849315068495,0.13852813852813853,0.031914893617021274,0.6,5.442417710521793,4.290459441148391,1.3862943611198906
47,3438,2,4,0,2,1,0,0,1,1,1,0.013666763594068043,0.08333333333333333,0.6666666666666666,0.3,3.871201010907891,8.142936010432265,1.0986122886681098
8409,2606,89,849,335,33,0,0,0,0,0,0,3.2255466052934407,0.14078478002378123,2.6176470588235294,0.5,9.037176752966994,7.865955413933502,4.499809670330265
420,336,57,24,5,42,1,1,1,1,0,0,1.2462908011869436,0.0688836104513064,1.3255813953488371,1.1,6.042632833682381,5.820082930352362,4.060443010546419
138406,7500,12,14434,4298,61,1,1,0,1,1,0,18.451673110251967,0.13533997557926983,0.1935483870967742,0.8999999999999999,11.837953898921363,8.922791623969637,2.5649493574615367
259855,1031,39,300,6,22,0,1,0,1,0,1,251.79748062015503,0.0011775752724585925,1.6956521739130435,0.8,12.467882910414383,6.939253946041508,3.6888794541139363
251,246,5,9,3,61,1,1,0,0,0,0,1.0161943319838056,0.047619047619047616,0.08064516129032258,0.8,5.529429087511423,5.5093883366279774,1.791759469228055
127,10,53,2,2,59,1,0,0,1,0,0,11.545454545454545,0.03125,0.8833333333333333,0.8,4.852030263919617,2.3978952727983707,3.9889840465642745
405586,606,39,137,2,30,1,1,0,0,0,1,668.181219110379,0.0003427131540212088,1.2580645161290323,1.1,12.913090679463405,6.408528791059498,3.6888794541139363
2890,1473,10,23,9,56,0,0,1,0,0,0,1.960651289009498,0.011068834313386372,0.17543859649122806,0.5,7.969357742016346,7.295735072749282,2.3978952727983707
10,240,107,0,0,94,1,0,0,0,0,0,0.04149377593360996,0.0,1.1263157894736842,0.8,2.3978952727983707,5.484796933490655,4.68213122712422
3809,1093,5,43,3,9,0,0,1,0,1,0,3.4817184643510055,0.012073490813648294,0.5,0.0,8.245384468120747,6.9975959829819265,1.791759469228055
7381,5250,10,513,97,17,1,1,0,0,0,0,1.4056370215197105,0.08263343267407207,0.5555555555555556,1.1,8.906799883589944,8.566173813637858,2.3978952727983707
108,655,4,8,1,88,0,0,0,0,0,0,0.16463414634146342,0.08256880733944955,0.0449438202247191,0.2,4.6913478822291435,6.486160788944089,1.6094379124341003
4404,854,5,6,1,28,1,0,1,0,0,0,5.150877192982456,0.0015891032917139615,0.1724137931034483,0.5,8.39049553837028,6.75110146893676,1.791759469228055
548,323,65,40,10,54,1,1,0,0,0,0,1.691358024691358,0.09107468123861566,1.1818181818181819,1.1,6.3080984415095305,5.780743515792329,4.189654742026425
145849,149,38,83,1,10,0,1,0,0,0,1,972.3266666666667,0.000575934178950977,3.4545454545454546,0.8,11.890333975295867,5.0106352940962555,3.6635616461296463
232638,1377,30,236,4,12,1,1,0,0,0,1,168.82293178519595,0.001031641298320574,2.3076923076923075,1.1,12.35724317483112,7.228388451573604,3.4339872044851463
388193,131,19,845,16,7,1,1,0,0,0,1,2940.8560606060605,0.0022179631833567754,2.375,1.1,12.869260493647062,4.882801922586371,2.995732273553991
177,7276,17,0,0,2,0,1,0,1,1,1,0.02432321011405799,0.0,5.666666666666667,0.6,5.181783550292085,8.892473968347087,2.8903717578961645
1108,479,7,79,22,52,1,0,1,0,0,0,2.308333333333333,0.09107303877366997,0.1320754716981132,0.8,7.011213987350367,6.173786103901937,2.0794415416798357
2856,292,13,7,8,16,0,0,1,0,1,0,9.747440273037542,0.005250262513125656,0.7647058823529411,0.3,7.957527402230773,5.680172609017068,2.6390573296152584
379307,552,21,408,8,23,1,1,0,0,0,1,685.9077757685353,0.0010967340525377793,0.875,1.1,12.84610381893888,6.315358001522335,3.091042453358316
590155,660,13,852,17,30,1,1,0,1,1,1,892.821482602118,0.0014724920190593673,0.41935483870967744,0.8999999999999999,13.288142187712252,6.493753839851686,2.6390573296152584
25973,7500,24,2148,915,76,1,1,1,1,0,0,3.4626049860018666,0.11792561792561793,0.3116883116883117,1.1,10.164851316670035,8.922791623969637,3.2188758248682006
60,254,11,6,0,89,0,1,1,0,0,0,0.23529411764705882,0.09836065573770492,0.12222222222222222,0.8,4.110873864173311,5.541263545158426,2.4849066497880004
216410,1446,20,179,3,16,1,1,0,1,1,1,149.55770559778853,0.0008409923709977774,1.1764705882352942,0.8999999999999999,12.284934656455547,7.277247726631484,3.044522437723423
14,10,43,0,0,18,1,1,0,0,0,0,1.2727272727272727,0.0,2.263157894736842,1.1,2.70805020110221,2.3978952727983707,3.784189633918261
107,2380,0,2,0,0,1,1,0,1,1,1,0.04493910121797564,0.018518518518518517,0.0,0.6,4.68213122712422,7.7752758464868625,0.0
617,486,6,61,23,28,1,1,0,0,0,0,1.26694045174538,0.13592233009708737,0.20689655172413793,1.1,6.42648845745769,6.18826412308259,1.9459101490553132
206,5011,4,2,0,3,1,0,0,1,0,1,0.04110135674381484,0.00966183574879227,1.0,0.5,5.332718793265369,8.51959031601596,1.6094379124341003
254,232,37,14,1,65,0,1,1,1,0,0,1.090128755364807,0.058823529411764705,0.5606060606060606,0.8,5.541263545158426,5.4510384535657,3.6375861597263857
119,29,71,7,2,83,1,1,0,1,0,0,3.966666666666667,0.075,0.8452380952380952,1.1,4.787491742782046,3.4011973816621555,4.276666119016055
5288,1197,24,500,181,75,1,1,0,0,0,0,4.414023372287145,0.12875779920589903,0.3157894736842105,1.1,8.57338447106598,7.088408778675395,3.2188758248682006
2956,670,16,24,5,28,0,0,1,0,1,0,4.405365126676602,0.009807237064592493,0.5517241379310345,0.3,7.9919305198524775,6.508769136971682,2.833213344056216
43,485,40,0,0,85,1,1,0,0,0,0,0.08847736625514403,0.0,0.46511627906976744,1.1,3.784189633918261,6.186208623900494,3.713572066704308
2255,3568,5,103,49,14,1,1,0,1,0,0,0.6318296441580274,0.0673758865248227,0.3333333333333333,0.8,7.721348612617949,8.18004072349016,1.791759469228055
29282,1198,42,63,1,23,1,0,0,1,0,1,24.422018348623855,0.002185568418536352,1.75,0.8,10.284762421843075,7.089243155027514,3.7612001156935624
158,6366,2,1,0,2,1,0,0,1,1,1,0.02481545468823622,0.006289308176100629,0.6666666666666666,0.3,5.0689042022202315,8.758883680017025,1.0986122886681098
37,3391,3,1,0,4,0,0,0,1,1,1,0.010908018867924528,0.02631578947368421,0.6,0.0,3.6375861597263857,8.129174996911793,1.3862943611198906
125,582,3,1,0,0,0,0,0,1,1,1,0.2144082332761578,0.007936507936507936,3.0,0.0,4.836281906951478,6.368187186350492,1.3862943611198906
24,4079,0,0,0,0,0,0,0,1,0,1,0.0058823529411764705,0.0,0.0,0.2,3.2188758248682006,8.313852267398207,0.0
878,941,51,56,20,44,0,1,0,1,0,0,0.9320594479830149,0.08646188850967008,1.1333333333333333,0.8,6.778784897685177,6.848005274576363,3.9512437185814275
2876,506,16,48,2,42,0,0,1,0,0,0,5.67258382642998,0.01737921445950643,0.37209302325581395,0.5,7.964503363551548,6.2285110035911835,2.833213344056216
1271,1549,8,73,15,28,1,1,0,1,0,0,0.82,0.06918238993710692,0.27586206896551724,1.1,7.148345743900068,7.346010209913293,2.1972245773362196
84,2672,0,2,0,5,0,0,0,0,1,1,0.031425364758698095,0.023529411764705882,0.0,0.0,4.442651256490317,7.890956716138919,0.0
135,1703,4,0,0,4,0,1,0,1,1,1,0.07922535211267606,0.0,0.8,0.3,4.912654885736052,7.440733707389261,1.6094379124341003
5652,1350,26,515,132,79,1,1,0,0,0,0,4.183567727609178,0.1144525030957014,0.325,1.1,8.63994165667529,7.208600337960199,3.295836866004329
56,162,4,0,0,7,0,0,0,0,0,1,0.34355828220858897,0.0,0.5,0.2,4.04305126783455,5.093750200806762,1.6094379124341003
652,418,28,80,2,48,1,1,1,0,1,0,1.5560859188544154,0.12557427258805512,0.5714285714285714,0.8999999999999999,6.481577129276431,6.037870919922137,3.367295829986474
3654,586,19,15,5,22,1,0,1,0,1,0,6.2248722316865415,0.005471956224350205,0.8260869565217391,0.6,8.203851372183879,6.375024819828097,2.995732273553991
653,299,81,27,3,66,1,1,0,0,0,0,2.1766666666666667,0.045871559633027525,1.208955223880597,1.1,6.483107351457199,5.703782474656201,4.406719247264253
144,7031,4,2,0,2,0,0,0,0,0,1,0.020477815699658702,0.013793103448275862,1.3333333333333333,0.2,4.976733742420574,8.858226439365012,1.6094379124341003
461,368,28,15,12,43,1,0,1,0,1,0,1.2493224932249323,0.05844155844155844,0.6363636363636364,0.6,6.135564891081739,5.910796644040527,3.367295829986474
456859,495,21,270,5,27,1,1,0,1,0,1,921.0866935483871,0.0006019349472486101,0.75,1.1,13.032132277209861,6.206575926724928,3.091042453358316
870,164,47,19,5,45,0,1,0,0,0,0,5.2727272727272725,0.027554535017221583,1.0217391304347827,0.8,6.769641976852503,5.10594547390058,3.871201010907891
171,2533,4,2,0,3,1,0,0,0,1,1,0.06748224151539069,0.011627906976744186,1.0,0.3,5.147494476813453,7.837554360881084,1.6094379124341003
251,10,215,6,6,7,1,1,1,0,0,0,22.818181818181817,0.047619047619047616,26.875,1.1,5.529429087511423,2.3978952727983707,5.375278407684165
22790,917,19,48,0,17,1,1,0,1,0,1,24.825708061002178,0.0021060945109911806,1.0555555555555556,1.1,10.034121000171332,6.822197390620491,2.995732273553991
586,185,8,38,2,8,1,0,1,0,0,0,3.150537634408602,0.06814310051107325,0.8888888888888888,0.8,6.375024819828097,5.225746673713202,2.1972245773362196
4775,1119,19,31,7,20,1,0,1,0,1,0,4.263392857142857,0.007956448911222781,0.9047619047619048,0.6,8.471358655072438,7.02108396428914,2.995732273553991
25,219,42,2,0,64,0,1,1,1,0,0,0.11363636363636363,0.07692307692307693,0.6461538461538462,0.8,3.258096538021482,5.393627546352362,3.7612001156935624
4493,307,12,46,7,54,0,1,1,0,0,0,14.587662337662337,0.011793502447708056,0.21818181818181817,0.8,8.410498452745275,5.730099782973574,2.5649493574615367
7687,4985,52,680,44,93,0,1,0,0,0,0,1.5417168070597673,0.09417273673257023,0.5531914893617021,0.8,8.947415950650129,8.514389264083503,3.970291913552122
84,4642,18,0,0,0,1,0,0,1,0,1,0.018091751023045444,0.0,18.0,0.8,4.442651256490317,8.443115988019922,2.9444389791664403
506,405,85,42,19,50,1,0,0,0,0,0,1.2463054187192117,0.1203155818540434,1.6666666666666667,0.8,6.2285110035911835,6.0063531596017325,4.454347296253507
86,328,16,6,2,14,0,1,1,0,0,0,0.2613981762917933,0.09195402298850575,1.0666666666666667,0.8,4.465908118654584,5.796057750765372,2.833213344056216
4178,3032,5,111,108,33,1,1,0,0,1,0,1.3775140125288494,0.0524048815506102,0.14705882352941177,0.6,8.337827262447915,8.017307507688582,1.791759469228055
34,193,10,2,0,11,1,1,0,0,0,0,0.17525773195876287,0.05714285714285714,0.8333333333333334,1.1,3.5553480614894135,5.267858159063328,2.3978952727983707
1391,704,4,137,42,38,1,1,0,1,0,0,1.973049645390071,0.1285919540229885,0.10256410256410256,0.8,7.238496840894365,6.558197802812269,1.6094379124341003
1445,641,16,14,0,26,0,1,1,0,0,0,2.250778816199377,0.009681881051175657,0.5925925925925926,0.8,7.27655640271871,6.464588303689961,2.833213344056216
31,2307,9,0,0,5,1,0,0,1,1,1,0.013431542461005199,0.0,1.5,0.6,3.4657359027997265,7.744136627627991,2.302585092994046
639,419,52,13,18,37,1,1,1,1,0,0,1.5214285714285714,0.0484375,1.368421052631579,1.1,6.461468176353717,6.040254711277414,3.970291913552122
151,6528,2,3,0,0,1,1,0,1,1,1,0.023127584622453668,0.019736842105263157,2.0,0.6,5.0238805208462765,8.784009071186633,1.0986122886681098
375072,171,20,381,7,26,1,1,0,1,0,1,2180.6511627906975,0.0010344652907567327,0.7407407407407407,1.1,12.834875952674118,5.147494476813453,3.044522437723423
206,2764,0,2,0,1,0,0,0,1,1,1,0.07450271247739602,0.00966183574879227,0.0,0.0,5.332718793265369,7.9247959139564355,0.0
2732,2045,21,229,81,66,1,1,0,0,1,0,1.335288367546432,0.11342846688620563,0.31343283582089554,0.8999999999999999,7.913155185928068,7.6236419465115715,3.091042453358316
3415,1000,18,19,0,12,0,1,1,0,1,0,3.4115884115884114,0.0055620608899297425,1.3846153846153846,0.6,8.13622555490846,6.90875477931522,2.9444389791664403
132,5164,1,3,0,3,0,1,0,1,0,1,0.025556631171345594,0.022556390977443608,0.25,0.5,4.890349128221754,8.549660381553739,0.6931471805599453
45,4336,2,1,0,2,0,0,0,0,1,1,0.010375835831219737,0.021739130434782608,0.6666666666666666,0.0,3.828641396489095,8.374938143835367,1.0986122886681098
267,3626,6,0,0,2,1,1,0,0,1,1,0.07361455748552523,0.0,2.0,0.8999999999999999,5.5909869805108565,8.196161139282902,1.9459101490553132
10243,7500,3,655,382,55,0,1,0,0,1,0,1.3655512598320223,0.10122998828582586,0.05357142857142857,0.3,9.234447447319416,8.922791623969637,1.3862943611198906
6,1459,2,1,0,1,0,0,0,0,1,1,0.00410958904109589,0.14285714285714285,1.0,0.0,1.9459101490553132,7.286191714702382,1.0986122886681098
1318,1421,176,153,38,16,1,1,0,1,1,0,0.9268635724331927,0.14480667172100076,10.352941176470589,0.8999999999999999,7.1846291527173145,7.259819610363186,5.176149732573829
36,1687,3,3,0,2,1,0,0,1,0,1,0.02132701421800948,0.08108108108108109,1.0,0.5,3.6109179126442243,7.431299675155903,1.3862943611198906
103,10,43,13,0,38,1,1,0,0,0,0,9.363636363636363,0.125,1.1025641025641026,1.1,4.6443908991413725,2.3978952727983707,3.784189633918261
1078,874,23,139,11,49,1,1,1,1,0,0,1.232,0.13901760889712697,0.46,1.1,6.983789965258135,6.774223886357614,3.1780538303479458
1155,1342,19,73,11,9,1,1,1,0,1,0,0.8600148920327625,0.0726643598615917,1.9,0.8999999999999999,7.052721049232323,7.202661196523238,2.995732273553991
92,4876,3,1,0,0,0,1,0,1,1,1,0.01886405577199098,0.010752688172043012,3.0,0.3,4.532599493153256,8.492285555710053,1.3862943611198906
132,2226,2,3,0,3,0,0,0,0,1,1,0.05927256398742703,0.022556390977443608,0.5,0.0,4.890349128221754,7.708410667257367,1.0986122886681098
691,332,42,36,4,60,1,1,0,0,0,0,2.075075075075075,0.057803468208092484,0.6885245901639344,1.1,6.539585955617669,5.808142489980444,3.7612001156935624
360,479,62,5,10,87,1,0,0,0,0,0,0.75,0.04155124653739612,0.7045454545454546,0.8,5.8888779583328805,6.173786103901937,4.143134726391533
26441,7500,90,2738,436,28,1,1,1,1,0,0,3.524996667111052,0.12003630587701385,3.103448275862069,1.1,10.182708934070043,8.922791623969637,4.51085950651685
155,70,333,12,2,71,1,1,0,1,1,0,2.183098591549296,0.08974358974358974,4.625,0.8999999999999999,5.049856007249537,4.2626798770413155,5.811140992976701
8023,7500,19,776,55,19,1,1,1,0,1,0,1.0695907212371685,0.10356430707876371,0.95,0.8999999999999999,8.990192329641772,8.922791623969637,2.995732273553991
996,1146,44,114,11,22,1,1,0,0,0,0,0.8683522231909329,0.12537612838515547,1.9130434782608696,1.1,6.904750769961838,7.044905117129371,3.8066624897703196
635,133,92,76,9,45,1,1,1,1,0,0,4.7388059701492535,0.13364779874213836,2.0,1.1,6.455198563340122,4.897839799950911,4.532599493153256
192,3332,0,2,0,3,1,0,0,1,1,1,0.0576057605760576,0.010362694300518135,0.0,0.3,5.262690188904886,8.11162807830774,0.0
3368,1402,1,37,6,28,0,0,1,0,1,0,2.400570206699929,0.012763431285247848,0.034482758620689655,0.0,8.122371243406553,7.246368080102461,0.6931471805599453
16456,7500,10,619,154,24,1,1,0,0,0,0,2.1938408212238367,0.046970893844564626,0.4,1.1,9.708506197595383,8.922791623969637,2.3978952727983707
224,795,9,0,0,8,0,0,0,0,1,1,0.2814070351758794,0.0,1.0,0.3,5.41610040220442,6.679599185844383,2.302585092994046
4615,785,17,41,0,52,0,1,1,0,1,0,5.871501272264631,0.00888214904679376,0.32075471698113206,0.6,8.437283808187935,6.666956792429207,2.8903717578961645
485910,1262,22,51,1,8,1,0,0,1,0,1,384.7268408551069,0.00010701548225909682,2.4444444444444446,0.8,13.093780758540714,7.141245122350491,3.1354942159291497
79667,777,40,15,0,12,1,1,0,0,0,1,102.39974293059126,0.0001882813676758548,3.076923076923077,1.1,11.28562327850716,6.656726524178391,3.713572066704308
408,4038,7,0,0,9,0,1,0,1,1,1,0.10101510274820501,0.0,0.7,0.6,6.013715156042802,8.303752415563412,2.0794415416798357
223,2908,2,0,0,1,0,0,0,1,1,1,0.07665864558267446,0.0,1.0,0.0,5.4116460518550396,7.975564658495202,1.0986122886681098
462,7124,11,0,0,6,0,1,0,1,1,1,0.0648421052631579,0.0,1.5714285714285714,0.6,6.137727054086234,8.871365005136852,2.4849066497880004
437845,1234,49,148,2,18,1,1,0,1,1,1,354.53036437246965,0.00034258620610899725,2.5789473684210527,0.8999999999999999,12.989622529359938,7.118826249062078,3.912023005428146
630,1063,19,58,4,40,1,1,1,0,0,0,0.5921052631578947,0.098256735340729,0.4634146341463415,1.1,6.447305862541213,6.96979066990159,2.995732273553991
208,980,7,0,0,16,0,0,1,0,0,1,0.21202854230377166,0.0,0.4117647058823529,0.5,5.342334251964811,6.8885724595653635,2.0794415416798357
895,1216,6,113,26,52,1,1,0,1,0,0,0.7354149548069022,0.15513392857142858,0.11320754716981132,1.1,6.79794041297493,7.104144092987527,1.9459101490553132
1785,726,105,103,23,71,1,1,0,0,0,0,2.455295735900963,0.07054871220604703,1.4583333333333333,1.1,7.487733761436444,6.588926477533519,4.663439094112067
4674,733,14,32,3,33,0,0,1,0,0,0,6.367847411444142,0.0074866310160427805,0.4117647058823529,0.5,8.449984441722787,6.598509028614515,2.70805020110221
35,318,106,3,0,48,1,1,0,0,0,0,0.109717868338558,0.08333333333333333,2.163265306122449,1.1,3.58351893845611,5.765191102784844,4.672828834461906
136,10,101,13,4,58,0,0,1,1,0,0,12.363636363636363,0.12408759124087591,1.7118644067796611,0.5,4.919980925828125,2.3978952727983707,4.624972813284271
160,865,3,4,0,4,1,0,0,0,1,1,0.18475750577367206,0.024844720496894408,0.6,0.3,5.081404364984463,6.763884908562435,1.3862943611198906
120,771,3,4,0,0,1,0,0,1,0,1,0.15544041450777202,0.03305785123966942,3.0,0.5,4.795790545596741,6.648984550024776,1.3862943611198906
11075,7500,57,194,283,56,1,1,0,1,0,0,1.47646980402613,0.043066088840736726,1.0,1.1,9.312535884290853,8.922791623969637,4.060443010546419
594,454,15,29,8,26,1,1,1,0,0,0,1.3054945054945055,0.06218487394957983,0.5555555555555556,1.1,6.38856140554563,6.12029741895095,2.772588722239781
350,535,50,8,6,73,1,1,0,0,0,0,0.6529850746268657,0.039886039886039885,0.6756756756756757,1.1,5.860786223465865,6.284134161070802,3.9318256327243257
1071,353,14,13,17,53,1,1,1,0,0,0,3.0254237288135593,0.027985074626865673,0.25925925925925924,1.1,6.977281341630747,5.869296913133774,2.70805020110221
197062,334,9,502,10,34,0,0,0,1,0,1,588.244776119403,0.002598153889872782,0.2571428571428571,0.5,12.191278753550293,5.814130531825066,2.302585092994046
803,458,0,32,6,20,1,0,1,0,1,0,1.7494553376906319,0.0472636815920398,0.0,0.3,6.6895992691789665,6.129050210060545,0.0
1220,405,47,115,27,37,0,1,0,0,0,0,3.0049261083743843,0.1162981162981163,1.236842105263158,0.8,7.107425474110705,6.0063531596017325,3.871201010907891
93,3424,4,1,0,1,1,0,0,0,0,1,0.027153284671532846,0.010638297872340425,2.0,0.5,4.543294782270004,8.138856750696325,1.6094379124341003
73,10,37,0,0,37,1,1,0,1,0,0,6.636363636363637,0.0,0.9736842105263158,1.1,4.30406509320417,2.3978952727983707,3.6375861597263857
371,10,11,11,2,65,1,1,1,0,1,0,33.72727272727273,0.03494623655913978,0.16666666666666666,0.8999999999999999,5.918893854273146,2.3978952727983707,2.4849066497880004
3480,2412,26,377,133,93,1,1,0,1,0,0,1.4421881475341898,0.1465096236713588,0.2765957446808511,1.1,8.15507488781144,7.7886260656250315,3.295836866004329
177,57,104,7,5,25,1,0,1,1,0,0,3.0517241379310347,0.06741573033707865,4.0,0.8,5.181783550292085,4.060443010546419,4.653960350157523
4526,774,4,15,7,57,1,0,1,0,0,0,5.84,0.0048597305058537665,0.06896551724137931,0.5,8.417814747435958,6.652863029353347,1.6094379124341003
157,1882,13,0,0,0,0,1,0,0,1,1,0.08337758895379713,0.0,13.0,0.6,5.062595033026967,7.5406215286571525,2.6390573296152584
1200,778,73,110,6,81,1,1,0,1,0,0,1.5404364569961488,0.09658617818484597,0.8902439024390244,1.1,7.0909098220799835,6.658011045870748,4.30406509320417
309923,1116,37,494,9,11,1,0,0,0,0,1,277.4601611459266,0.001622978536673507,3.0833333333333335,0.8,12.644082385114064,7.018401799069201,3.6375861597263857
289,1760,14,0,0,11,1,0,0,0,1,1,0.1641113003975014,0.0,1.1666666666666667,0.6,5.66988092298052,7.473637108496206,2.70805020110221
5487,4727,11,262,23,67,1,0,1,0,0,0,1.1605329949238579,0.05193148688046647,0.16176470588235295,0.8,8.610319169405722,8.461257559085935,2.4849066497880004
55306,516,26,68,1,33,1,1,0,1,0,1,106.97485493230174,0.0012475816804382808,0.7647058823529411,1.1,10.920654761778046,6.248042874508429,3.295836866004329
182,859,3,0,0,23,1,1,0,0,0,1,0.2116279069767442,0.0,0.125,0.8,5.209486152841421,6.756932389247553,1.3862943611198906
1699,2066,142,58,41,13,0,0,1,0,0,0,0.8219641993226899,0.05823529411764706,10.142857142857142,0.5,7.438383530044307,7.633853559681768,4.962844630259907
125,5531,1,0,0,0,1,0,0,1,1,1,0.02259580621836587,0.0,1.0,0.3,4.836281906951478,8.61830469278465,0.6931471805599453
298,436,5,0,0,11,1,0,0,0,1,1,0.6819221967963387,0.0,0.4166666666666667,0.3,5.700443573390687,6.07993319509559,1.791759469228055
290627,679,47,535,10,29,1,1,0,1,1,1,427.3926470588235,0.0018752494597905226,1.5666666666666667,0.8999999999999999,12.579799377851126,6.522092798170152,3.871201010907891
540,358,80,41,5,32,1,0,0,1,0,0,1.5041782729805013,0.08502772643253234,2.4242424242424243,0.8,6.293419278846481,5.883322388488279,4.394449154672439
147,5530,12,0,0,6,0,0,0,1,1,1,0.026577472428132343,0.0,1.7142857142857142,0.3,4.997212273764115,8.618123909994678,2.5649493574615367
666,686,14,30,7,75,1,1,0,1,0,0,0.9694323144104804,0.05547226386806597,0.18421052631578946,1.1,6.502790045915623,6.532334292222349,2.70805020110221
346,1943,2,0,0,10,0,1,0,1,1,1,0.1779835390946502,0.0,0.18181818181818182,0.3,5.849324779946859,7.572502985020384,1.0986122886681098
6134,2635,195,174,226,76,0,1,0,1,1,0,2.32701062215478,0.06519967400162999,2.5324675324675323,0.6,8.721765357145012,7.877017895622398,5.278114659230517
3495,2582,142,189,89,8,1,1,1,0,0,0,1.3530778164924506,0.07951945080091533,15.777777777777779,1.1,8.159374736775426,7.8567067930958405,4.962844630259907
10,425,22,0,0,90,1,1,0,0,0,0,0.023474178403755867,0.0,0.24175824175824176,1.1,2.3978952727983707,6.054439346269371,3.1354942159291497
3562,456,6,18,8,16,0,0,1,0,0,0,7.794310722100657,0.007297221442604546,0.35294117647058826,0.5,8.178358165605836,6.124683390894205,1.9459101490553132
62,3190,4,0,0,1,1,1,0,1,1,1,0.019429645879034785,0.0,2.0,0.6,4.143134726391533,8.068089626278244,1.6094379124341003
444371,1170,33,48,0,7,1,0,0,1,1,1,379.4799316823228,0.0001080176068699198,4.125,0.6,13.004417328462,7.065613363597717,3.5263605246161616
1161,727,16,164,25,69,1,1,0,1,0,0,1.5947802197802199,0.16265060240963855,0.22857142857142856,1.1,7.057897937411856,6.590301048196686,2.833213344056216
284,91,5,0,0,18,0,1,1,0,1,1,3.0869565217391304,0.0,0.2631578947368421,0.3,5.652489180268651,4.5217885770490405,1.791759469228055
2088,969,94,316,76,75,1,0,1,0,0,0,2.1525773195876288,0.18764959310674964,1.236842105263158,0.8,7.644440761556566,6.877296071497429,4.553876891600541
2333,2133,65,59,58,10,0,1,1,0,0,0,1.0932521087160263,0.05012853470437018,5.909090909090909,0.8,7.755338812846501,7.665753431861699,4.189654742026425
5603,4432,6,285,209,83,1,0,1,1,0,0,1.2639296187683284,0.0881513204853676,0.07142857142857142,0.8,8.631235907456897,8.396831834745054,1.9459101490553132
182,2573,3,4,0,3,1,0,0,1,1,1,0.0707070707070707,0.02185792349726776,0.75,0.3,5.209486152841421,7.853216388156072,1.3862943611198906
3640,4651,20,66,15,52,1,1,0,0,1,0,0.7824591573516767,0.0222466355396869,0.37735849056603776,0.8999999999999999,8.200013648175434,8.445052513638554,3.044522437723423
248,272,2,0,0,7,0,0,0,0,0,1,0.9084249084249084,0.0,0.25,0.2,5.517452896464707,5.60947179518496,1.0986122886681098
210,342,9,8,2,24,0,1,0,0,0,0,0.6122448979591837,0.04739336492890995,0.36,0.8,5.351858133476067,5.8377304471659395,2.302585092994046
129099,260,20,302,6,30,1,1,0,1,1,1,494.632183908046,0.00238574748257165,0.6451612903225806,0.8999999999999999,11.768342576834733,5.564520407322694,3.044522437723423
1883,146,1,10,5,27,1,1,1,0,0,0,12.80952380952381,0.007961783439490446,0.03571428571428571,0.8,7.5411524551363085,4.990432586778736,0.6931471805599453
4536,1339,15,21,7,27,1,1,1,0,0,0,3.3850746268656717,0.006171478950848578,0.5357142857142857,1.1,8.420021279663963,7.200424892944957,2.772588722239781
54,3509,4,1,0,3,0,1,0,1,1,1,0.015384615384615385,0.01818181818181818,1.0,0.3,4.007333185232471,8.163371316459912,1.6094379124341003
27803,7500,53,514,558,12,1,1,0,1,1,0,3.706572457005733,0.03855560351028629,4.076923076923077,0.8999999999999999,10.232935174220376,8.922791623969637,3.9889840465642745
32,10,3,2,1,30,0,0,0,0,0,0,2.909090909090909,0.09090909090909091,0.0967741935483871,0.2,3.4965075614664802,2.3978952727983707,1.3862943611198906
112,10,60,6,3,27,1,1,0,1,0,0,10.181818181818182,0.07964601769911504,2.142857142857143,1.1,4.727387818712341,2.3978952727983707,4.110873864173311
10073,7500,15,322,84,46,1,1,0,0,0,0,1.3428876149846687,0.0403017669247568,0.3191489361702128,1.1,9.217713126305595,8.922791623969637,2.772588722239781
195,2648,4,2,0,2,1,0,0,0,1,1,0.07361268403171008,0.01020408163265306,1.3333333333333333,0.3,5.278114659230517,7.88193748927207,1.6094379124341003
63,2527,4,1,0,5,0,0,0,1,1,1,0.024920886075949368,0.015625,0.6666666666666666,0.0,4.1588830833596715,7.8351837552667485,1.6094379124341003
14,4983,4,2,0,5,1,0,0,1,1,1,0.0028089887640449437,0.13333333333333333,0.6666666666666666,0.3,2.70805020110221,8.51398806046729,1.6094379124341003
231047,433,32,146,2,21,1,0,0,1,0,1,532.3663594470046,0.0006405595374121395,1.4545454545454546,0.8,12.350380760125912,6.073044534100405,3.4965075614664802
1204,1198,43,160,32,28,1,1,1,1,0,0,1.0041701417848208,0.15933609958506223,1.4827586206896552,1.1,7.094234845924755,7.089243155027514,3.784189633918261
1824,458,3,29,2,35,1,1,1,0,0,0,3.973856209150327,0.016986301369863014,0.08333333333333333,0.8,7.509335266016592,6.129050210060545,1.3862943611198906
2411,529,0,29,5,23,0,0,1,0,1,0,4.549056603773585,0.014096185737976783,0.0,0.0,7.788211557847076,6.272877006546167,0.0
834,1222,10,37,25,42,1,1,0,1,1,0,0.6819296811120196,0.07425149700598803,0.23255813953488372,0.8999999999999999,6.727431724850855,7.109062135687172,2.3978952727983707
2956,1442,0,19,7,18,0,0,1,0,0,0,2.0485100485100487,0.00879269529928982,0.0,0.2,7.9919305198524775,7.274479558773871,0.0
22,10,102,0,0,10,1,1,0,0,0,0,2.0,0.0,9.272727272727273,1.1,3.1354942159291497,2.3978952727983707,4.634728988229636
40,4984,6,0,0,7,1,1,0,1,1,1,0.00802407221664995,0.0,0.75,0.8999999999999999,3.713572066704308,8.514188682395938,1.9459101490553132
132,4800,4,0,0,5,0,1,0,1,1,1,0.02749427202666111,0.0,0.6666666666666666,0.3,4.890349128221754,8.476579508530941,1.6094379124341003
4506,308,13,30,6,22,0,1,1,0,0,0,14.58252427184466,0.007987574883514533,0.5652173913043478,0.8,8.413387022690648,5.733341276897746,2.6390573296152584
4553,501,0,19,8,59,0,1,1,0,0,0,9.069721115537849,0.005928853754940711,0.0,0.5,8.423761246623686,6.218600119691729,0.0
2928,105,0,15,5,13,1,0,1,0,0,0,27.62264150943396,0.006828269033799932,0.0,0.5,7.982416346827733,4.663439094112067,0.0
360,609,6,27,7,29,0,0,1,0,1,0,0.5901639344262295,0.09418282548476455,0.2,0.3,5.8888779583328805,6.413458957167357,1.9459101490553132
379,212,40,6,2,70,1,1,1,0,0,0,1.7793427230046948,0.021052631578947368,0.5633802816901409,1.1,5.940171252720432,5.3612921657094255,3.713572066704308
2613,2802,23,149,72,72,0,1,0,0,0,0,0.9322154834106314,0.08454475899005356,0.3150684931506849,0.8,7.868636894184167,7.938445551164788,3.1780538303479458
16,10,162,0,0,25,0,1,0,0,0,0,1.4545454545454546,0.0,6.230769230769231,0.8,2.833213344056216,2.3978952727983707,5.093750200806762
118,10,34,13,4,13,1,1,1,0,0,0,10.727272727272727,0.14285714285714285,2.4285714285714284,1.1,4.77912349311153,2.3978952727983707,3.5553480614894135
453,292,16,35,15,13,1,1,0,0,0,0,1.546075085324232,0.11013215859030837,1.1428571428571428,1.1,6.118097198041348,5.680172609017068,2.833213344056216
283031,282,43,424,8,7,1,1,0,1,1,1,1000.1095406360424,0.0015263291783261257,5.375,0.8999999999999999,12.553315244437915,5.645446897643238,3.784189633918261
4088,222,12,14,6,55,0,1,1,0,0,0,18.331838565022423,0.004891171435558816,0.21428571428571427,0.8,8.316055720364643,5.407171771460119,2.5649493574615367
47,10,4,1,1,92,1,1,0,1,0,0,4.2727272727272725,0.041666666666666664,0.043010752688172046,0.8,3.871201010907891,2.3978952727983707,1.6094379124341003
38,10,16,3,0,22,1,1,1,0,0,0,3.4545454545454546,0.07692307692307693,0.6956521739130435,1.1,3.6635616461296463,2.3978952727983707,2.833213344056216
324,486,18,35,12,63,0,1,0,0,0,0,0.6652977412731006,0.14461538461538462,0.28125,0.8,5.783825182329737,6.18826412308259,2.9444389791664403
385118,858,7,515,10,17,1,1,0,0,0,1,448.3329452852154,0.001363215006270789,0.3888888888888889,1.1,12.861307656420259,6.755768921984255,2.0794415416798357
189,6493,0,0,0,3,0,1,0,0,1,1,0.02910378811210348,0.0,0.0,0.3,5.247024072160486,8.77863395266279,0.0
3854,1093,28,216,35,51,1,1,0,1,0,0,3.5228519195612433,0.06511024643320364,0.5384615384615384,1.1,8.25712628599743,6.9975959829819265,3.367295829986474
11223,3538,207,299,386,76,1,1,1,0,1,0,3.171234812093812,0.06102993585174626,2.688311688311688,0.8999999999999999,9.325809621782296,8.171599480345463,5.337538079701318
115,533,7,0,0,6,0,0,0,0,1,1,0.2153558052434457,0.0,1.0,0.3,4.7535901911063645,6.280395838960195,2.0794415416798357
1138,1454,1981,46,29,52,0,1,1,0,0,0,0.7821305841924399,0.06584723441615452,37.37735849056604,0.8,7.037905963447182,7.282761179605593,7.591861714889934
2080,2224,26,262,56,36,1,1,0,1,0,0,0.9348314606741573,0.15281114848630467,0.7027027027027027,1.1,7.640603826393634,7.707512194600341,3.295836866004329
69,4389,3,2,0,1,0,1,0,1,1,1,0.01571753986332574,0.02857142857142857,1.5,0.3,4.248495242049359,8.387084506069217,1.3862943611198906
1703,2277,18,129,38,61,1,1,1,1,1,0,0.747585601404741,0.09800469483568075,0.2903225806451613,0.8999999999999999,7.440733707389261,7.731053144007127,2.9444389791664403
171,1743,17,0,0,8,1,0,0,1,0,1,0.09805045871559633,0.0,1.8888888888888888,0.8,5.147494476813453,7.463936604468925,2.8903717578961645
13469,7500,18,629,439,27,1,1,1,0,0,0,1.79562724970004,0.07928730512249443,0.6428571428571429,1.1,9.50822026940441,8.922791623969637,2.9444389791664403
79,1186,13,0,0,1,0,1,0,1,1,1,0.06655433866891322,0.0,6.5,0.6,4.382026634673881,7.079184394609668,2.6390573296152584
10,88,50,0,0,49,1,1,0,0,1,0,0.11235955056179775,0.0,1.0,0.8999999999999999,2.3978952727983707,4.48863636973214,3.9318256327243257
195,6187,19,0,0,9,0,0,0,1,1,1,0.031512605042016806,0.0,1.9,0.3,5.278114659230517,8.730367211692958,2.995732273553991
4502,919,18,35,2,24,1,0,1,0,0,0,4.893478260869565,0.008216744392627137,0.72,0.8,8.412499120301572,6.824373670043086,2.9444389791664403
1842,701,16,38,5,12,0,0,1,0,0,0,2.623931623931624,0.02333152468800868,1.2307692307692308,0.5,7.519149957669823,6.553933404025811,2.833213344056216
195,202,3,10,2,61,1,1,0,1,0,0,0.9605911330049262,0.061224489795918366,0.04838709677419355,0.8,5.278114659230517,5.313205979041787,1.3862943611198906
67,165,33,8,1,33,1,1,0,0,0,0,0.4036144578313253,0.1323529411764706,0.9705882352941176,1.1,4.219507705176107,5.111987788356544,3.5263605246161616
162,3009,2,0,0,6,1,1,0,1,1,1,0.053820598006644516,0.0,0.2857142857142857,0.6,5.093750200806762,8.009695357742922,1.0986122886681098
4715,809,8,42,3,49,1,1,1,0,0,0,5.820987654320987,0.009541984732824428,0.16,1.1,8.458716261657262,6.697034247666484,2.1972245773362196
25,849,0,0,0,15,1,0,1,0,1,1,0.029411764705882353,0.0,0.0,0.3,3.258096538021482,6.745236349484363,0.0
355443,157,7,273,5,3,1,1,0,1,1,1,2249.6392405063293,0.000782120390272448,1.75,0.8999999999999999,12.781122991203906,5.062595033026967,2.0794415416798357
2078,1398,2,16,5,19,0,0,1,0,0,0,1.4853466761972838,0.010101010101010102,0.1,0.2,7.639642287858013,7.243512974665482,1.0986122886681098
105,10,46,10,4,46,1,1,0,0,0,0,9.545454545454545,0.1320754716981132,0.9787234042553191,1.1,4.663439094112067,2.3978952727983707,3.8501476017100584
4828,283,12,11,4,59,1,0,1,0,0,0,17.0,0.0031062331745703043,0.2,0.8,8.482394685873542,5.648974238161206,2.5649493574615367
10649,7500,3,1382,153,46,0,0,0,0,0,0,1.41967737634982,0.14413145539906103,0.06382978723404255,0.2,9.273315171137572,8.922791623969637,1.3862943611198906
346,110,5,0,0,20,1,0,0,0,0,1,3.1171171171171173,0.0,0.23809523809523808,0.5,5.849324779946859,4.709530201312334,1.791759469228055
441,2631,10,0,0,7,1,0,0,1,1,1,0.1675531914893617,0.0,1.25,0.6,6.091309882077698,7.875499292445208,2.3978952727983707
2078,959,7,40,2,44,0,1,1,0,0,0,2.1645833333333333,0.020202020202020204,0.15555555555555556,0.8,7.639642287858013,6.866933284461882,2.0794415416798357
711,282,1,24,3,10,1,1,1,0,1,0,2.512367491166078,0.037921348314606744,0.09090909090909091,0.6,6.568077911411976,5.645446897643238,0.6931471805599453
92,307,43,10,1,10,1,0,0,1,0,0,0.2987012987012987,0.11827956989247312,3.909090909090909,0.8,4.532599493153256,5.730099782973574,3.784189633918261
1382,237,173,45,22,55,1,1,1,0,0,0,5.80672268907563,0.04844540853217643,3.0892857142857144,1.1,7.232010331664759,5.472270673671475,5.159055299214529
418666,542,10,1010,20,28,1,1,0,1,1,1,771.02394106814,0.0024601891240532453,0.3448275862068966,0.8999999999999999,12.944831133520198,6.297109319933935,2.3978952727983707
151,402,24,2,5,81,1,0,0,1,0,0,0.3746898263027295,0.046052631578947366,0.2926829268292683,0.8,5.0238805208462765,5.998936561946683,3.2188758248682006
3325,1125,2,14,3,20,1,1,1,0,0,0,2.952930728241563,0.005111244738424534,0.09523809523809523,0.8,8.109525659752872,7.026426808699636,1.0986122886681098
398,304,48,7,14,18,1,1,1,1,0,0,1.3049180327868852,0.05263157894736842,2.526315789473684,1.1,5.988961416889864,5.720311776607412,3.8918202981106265
1593,1189,62,14,54,62,0,0,0,1,1,0,1.3386554621848739,0.04265997490589712,0.9841269841269841,0.3,7.374001859350161,7.081708586105575,4.143134726391533
2010,1020,9,24,1,57,0,0,1,0,1,0,1.9686581782566113,0.012431626056688214,0.15517241379310345,0.3,7.606387389772652,6.928537818164665,2.302585092994046
124,2436,1,0,0,5,1,0,0,1,0,1,0.0508822322527698,0.0,0.16666666666666666,0.5,4.8283137373023015,7.798523053625206,0.6931471805599453
332,1954,0,0,0,10,1,1,0,1,0,1,0.16982097186700768,0.0,0.0,0.8,5.808142489980444,7.578145472419466,0.0
200,504,1,4,0,3,1,1,0,1,1,1,0.39603960396039606,0.01990049751243781,0.25,0.6,5.303304908059076,6.22455842927536,0.6931471805599453
515052,1202,28,369,7,22,1,0,0,0,0,1,428.139650872818,0.0007300219589052,1.2173913043478262,0.8,13.152025086972092,7.0925737159746784,3.367295829986474
92,10,63,5,2,95,1,1,1,1,0,0,8.363636363636363,0.07526881720430108,0.65625,1.1,4.532599493153256,2.3978952727983707,4.1588830833596715
2392,3219,63,94,39,92,1,0,0,1,1,0,0.7428571428571429,0.055578771416631846,0.6774193548387096,0.6,7.780303087908373,8.077136638538454,4.1588830833596715
3914,1479,10,38,2,41,0,0,1,0,0,0,2.6445945945945946,0.010217113665389528,0.23809523809523808,0.5,8.272570608424903,7.299797366758161,2.3978952727983707
3912,4669,13,385,104,73,1,0,0,0,0,0,0.8376873661670236,0.12496805520061334,0.17567567567567569,0.8,8.272059622210412,8.448914350662942,2.6390573296152584
75,6360,2,3,0,0,1,1,0,1,1,1,0.011790598962427292,0.039473684210526314,2.0,0.6,4.330733340286331,8.757940876678804,1.0986122886681098
142,121,4,1,4,44,1,0,0,1,0,0,1.1639344262295082,0.03496503496503497,0.08888888888888889,0.5,4.962844630259907,4.804021044733257,1.6094379124341003
50,580,8,0,0,8,1,1,0,0,0,1,0.08605851979345955,0.0,0.8888888888888888,1.1,3.9318256327243257,6.364750756851911,2.1972245773362196
879,1328,30,19,29,52,1,1,1,1,0,0,0.6613995485327314,0.05454545454545454,0.5660377358490566,1.1,6.779921907472252,7.192182058713246,3.4339872044851463
2047,673,6,20,1,19,0,1,1,0,0,0,3.037091988130564,0.01025390625,0.3,0.8,7.6246189861593985,6.513230110912307,1.9459101490553132
132,320,24,1,4,8,1,1,1,0,0,0,0.411214953271028,0.03759398496240601,2.6666666666666665,1.1,4.890349128221754,5.771441123130016,3.2188758248682006
140,1638,0,0,0,5,0,0,0,1,0,1,0.08541793776693106,0.0,0.0,0.2,4.948759890378168,7.40184157874383,0.0
211,297,8,16,4,55,1,0,1,0,0,0,0.7080536912751678,0.09433962264150944,0.14285714285714285,0.8,5.356586274672012,5.697093486505405,2.1972245773362196
16,10,67,1,0,93,1,1,1,1,0,0,1.4545454545454546,0.058823529411764705,0.7127659574468085,1.1,2.833213344056216,2.3978952727983707,4.219507705176107
474,1021,10,21,1,12,0,1,1,0,0,0,0.4637964774951076,0.04631578947368421,0.7692307692307693,0.8,6.163314804034641,6.92951677076365,2.3978952727983707
